no,match_id,leagueid,radiant.team_id,radiant.name,radiant.tag,radiant.logo_url,dire.team_id,dire.name,dire.tag,dire.logo_url,data_year
6473,7631985263,16405,9175409,MarsBet Team,MarsBet,https://steamusercontent-a.akamaihd.net/ugc/2048629496910525034/D8C98865573A293408B8D257E083D05582DDB09B/,8605863,Entity,Entity,https://steamusercontent-a.akamaihd.net/ugc/2079029969559624942/E3DF187AB0BAC034E1027B99C843FF6BE279BE8A/,2024
394,5775262536,12726,6767209,Inverse,Inverse,https://steamusercontent-a.akamaihd.net/ugc/771735886093198447/BEBB0FFBCBC8F01D2C70FB27B4B8241B648789FE/,8259584,Pallas Gaming,PG,https://steamusercontent-a.akamaihd.net/ugc/1821138881781972344/94BC9F87A9DA1350A366F514365AA270CCAAD800/,2021
9624,6142122522,13456,8126892,Team Cloud,Cloud,https://steamusercontent-a.akamaihd.net/ugc/5094165733006597118/C01F00ED7CC77B438BD5F8D1117E1EAB0702ACF5/,6209804,Antarctic Penguins,AP,https://steamcdn-a.akamaihd.net/apps/dota2/images/team_logos/6209804.png,2021
27298,7450875316,14915,9229377,DemiGods,DG,https://steamusercontent-a.akamaihd.net/ugc/2109432346272393261/5D02E4493B1E9373C84054C315FA87BCB54A0C66/,9175367,Business Club,bc,https://steamusercontent-a.akamaihd.net/ugc/2041874097465563602/35B8C3D831CFD2EF5A19512410C18F1B7F9C460A/,2023
13342,5523481267,11249,7852001,Future.club,Future,https://steamusercontent-a.akamaihd.net/ugc/1003682127343971469/DA439DA4A4F28222741AF9F5F7D95572B0D53A6A/,7467638,Team Rockets,,https://steamusercontent-a.akamaihd.net/ugc/764974771702063556/BB17069ED4F65C064E7912C8AAA4EF67EB2F480D/,2020
2010,7549277373,16140,-1,<UNKNOWN>,<UNKNOWN>,<UNKNOWN>,9272068,500 Bananas,500B,https://steamusercontent-a.akamaihd.net/ugc/2313224038740336884/13195902EF0486DD305B56EFE79428E1E2E4B8C5/,2024
24373,7390392551,15819,8961813,SHAOLIN,SHN,https://steamusercontent-a.akamaihd.net/ugc/5097543432692536332/C3EA7D411BF1527BD6E77CB50C7BCBFD971F73B9/,8893837,Parallel eSports,PeS,https://steamusercontent-a.akamaihd.net/ugc/1999066441861408614/71D1E68ECD1B5567B1E56F93F8511DB66D829C93/,2023
3575,7569457300,15898,9216247,Team Klee,Klee,https://steamusercontent-a.akamaihd.net/ugc/2097046179637529531/D719D73590F6D8614DC5901F578C8880EF096439/,9081007,Sibe Team,Sibe,https://steamusercontent-a.akamaihd.net/ugc/2319983338495982729/D50CF32AA973D5471907A0BD1CBEBDD56F71AC34/,2024
9834,7688374705,16059,8629327,Sworn Die,Sd,https://steamusercontent-a.akamaihd.net/ugc/1893228189115135367/7B3DB4DB3D54C15F2647A719B02F0584344C7B55/,8629318,Mad Monkeys,Mm,https://steamusercontent-a.akamaihd.net/ugc/2278325040128724260/A10316EBD20ECE720470ED4A5D07B3C6DDDC693A/,2024
21551,7328912558,14915,9087006,Blue lock,lck,https://steamusercontent-a.akamaihd.net/ugc/2050871934178421468/0FB543017BDA604F2266A4F6768F2EBF38DB4603/,9186655,Generation of Miracles,Geom,https://steamusercontent-a.akamaihd.net/ugc/2047504140421991708/2A5B42C481DCF8BC3A8AF59BB40F2587E10541C8/,2023
3996,6470519987,14066,-1,<UNKNOWN>,<UNKNOWN>,<UNKNOWN>,8521876,CoreFlix Esport,CoreFlix,https://steamusercontent-a.akamaihd.net/ugc/1858307292270788966/E3C96F7F4A2DCBF480DE4F5A204A578B4F6419C9/,2022
11288,7149341533,15109,9018528,Crew X,CrX,https://steamusercontent-a.akamaihd.net/ugc/2068882429938837131/68A44FC4EE83B8F88C4BEAF8E71F22E55A21409B/,8961813,SHAOLIN,SHN,https://steamusercontent-a.akamaihd.net/ugc/5097543432692536332/C3EA7D411BF1527BD6E77CB50C7BCBFD971F73B9/,2023
15572,6709654128,14471,8168128,UD VESSUWAN,UDV,https://steamusercontent-a.akamaihd.net/ugc/1867311233773898162/D794290E044E716F386EBD09C5BEF85398017FEE/,7653080,Yangon Galacticos,YG,https://steamusercontent-a.akamaihd.net/ugc/1772699046724205365/4B26D0595EF6D331640462985C7C6E01E1BA63AD/,2022
1553,7541729722,15901,9088071,EYE Gaming,EYE,https://steamusercontent-a.akamaihd.net/ugc/1880842325021945866/AD594D1C59AB23CF8AFD155209D477A382698B1A/,8831040,Ghost Sheep,GS,https://steamusercontent-a.akamaihd.net/ugc/1812159972016009901/2463CD2FDC05838CACEB66AAE27F597798C40B34/,2024
1249,5227046143,11419,67,paiN Gaming,paiN,https://steamcdn-a.akamaihd.net/apps/dota2/images/team_logos/67.png,7528424,Vira Lata Caramelo,ｃａｘｏｒｏ,https://steamusercontent-a.akamaihd.net/ugc/770607353808609504/7B6921FF9A8598E36FB8137343B5CC89319B7D73/,2020
19765,6869356609,14749,8894264,Cyber Union,Union,https://steamusercontent-a.akamaihd.net/ugc/1868458784792511569/21552F35D47B76ADC97F4C8D9C22495AD9AB4767/,8533778,blood notes,Blood,https://steamusercontent-a.akamaihd.net/ugc/1835774806548363734/1FC22665855AF2026098127929751F33C44D5078/,2022
22096,5748418707,12508,8126892,Team Cloud,Cloud,https://steamusercontent-a.akamaihd.net/ugc/5094165733006597118/C01F00ED7CC77B438BD5F8D1117E1EAB0702ACF5/,8062847,Galaxy Racer Esports,GXR,https://steamusercontent-a.akamaihd.net/ugc/1768194395980957182/F98E05970A8BB8574785B80B004EF148D6F589B7/,2020
10588,6176433914,13442,8497676,SKY,SKY,https://steamusercontent-a.akamaihd.net/ugc/1691650712757062756/4F734AE9550532B76EE3AA04F22B24F7BFD8021F/,8507455,aquilabella,aqb,https://steamusercontent-a.akamaihd.net/ugc/1692777571512944655/03CD5B0BA4CFAA94F92C259FC9FEC9D3E787DD17/,2021
8308,6579031232,14256,5014799,Nemiga Gaming,Nemiga,https://steamusercontent-a.akamaihd.net/ugc/1761446291384253796/DDD9E9CE3AC50467578944F685C4BD84ED0285B7/,8616073,No Sorry,NS,https://steamusercontent-a.akamaihd.net/ugc/2026096911688401555/615A583AB8989FE726873DFC0F275A92DC4F50A5/,2022
1405,7539765540,16011,9297546,MAG.Nirvana,,https://steamusercontent-a.akamaihd.net/ugc/2295211542917449075/14A234FDEBA37ECAABD5AE32374B721B59D9FC49/,8261554,Army Geniuses Mansion ,AGM,https://steamusercontent-a.akamaihd.net/ugc/2036229291620856332/487BA4B704ADCA08C99B4F67E0DF5EF3D2F4DFD1/,2024
5345,6509170996,13916,8685651,HF,HF,,3513702,Rune Eaters Esports,RE,https://steamusercontent-a.akamaihd.net/ugc/1820026607302871156/FF6776BBCA662A3A2D0137DD9973F4EEC79B5CEA/,2022
8730,6112752594,13393,7121518,Unknown Team,Unknown,https://steamusercontent-a.akamaihd.net/ugc/1754690801637716226/9CD4F77CD5A7114A4804E1924E3A946FCD357421/,8375259,Infinity,Infinity,https://steamusercontent-a.akamaihd.net/ugc/2012577143832299242/0B29AFE6D9B224CB4EDB33A07AAC0D3FD19A00A6/,2021
1873,5823528759,12638,8300691,Infinite War,IW,https://steamusercontent-a.akamaihd.net/ugc/1760313888091968400/EBC9367107AFEAFC18572C8975A1E6DDF733B442/,6738815,Cignal Ultra,Cignal,https://steamusercontent-a.akamaihd.net/ugc/1649964989855275176/65E8E2799787201DB9BB4DE498EFC7888E31F2C8/,2021
11968,5485020224,11439,7329260,Dream Team,Dream Team,,6163537,Boys.qom,bq,,2020
10443,5454664461,12069,7408845,Execration,XctN,https://steamusercontent-a.akamaihd.net/ugc/1479947126466883706/805E24B193B5C67C2B505C8808AD7E56DA302273/,7667517,LGD.international,LGD.int,https://steamusercontent-a.akamaihd.net/ugc/999178149171207551/C47157E21C72BFD4A8834D315719C56664D3CCED/,2020
2340,6435656267,13972,8350517,TEAM M11,M11,https://steamusercontent-a.akamaihd.net/ugc/1759191489698829647/D568C2109E30DDF6B892DEC556EAB95221BA8099/,8549812,GAGAK,Gagak,https://steamusercontent-a.akamaihd.net/ugc/1619598614201187351/F32BB2E464E349A6DA3C7EDFC24E4DC356035F6B/,2022
15580,7219938647,15325,9081141,Titanic Guardians:,TG,https://steamusercontent-a.akamaihd.net/ugc/2053122856399696109/27A61988EF13C41796A1A43410F63140615224F9/,9081146,Way of Bushido,WB,https://steamusercontent-a.akamaihd.net/ugc/2053122856399840515/46ECF23FB979B40005CAC042165E0D51D6027E0C/,2023
8219,6095632570,13320,8470261,South Myanmar Players,SMP,https://steamusercontent-a.akamaihd.net/ugc/1684892798656899357/54BD2677EDB9AEBEFE1896E1B20448AB70643AA0/,7653080,Yangon Galacticos,YG,https://steamusercontent-a.akamaihd.net/ugc/1772699046724205365/4B26D0595EF6D331640462985C7C6E01E1BA63AD/,2021
25734,7429860690,15716,8629324,Swift Knights,Sk,https://steamusercontent-a.akamaihd.net/ugc/2017088992310291098/09843295840179839F2FAF5870B9CBAC09E19911/,8629014,Dragon Blood,DB,https://steamusercontent-a.akamaihd.net/ugc/2036224122590251530/1CF2060AE5A404AEF691C3180FF9CB522056149A/,2023
725,6966231679,14948,8944582,Lilgun,lg,https://steamusercontent-a.akamaihd.net/ugc/2031719436235354148/316D93ECBF4805E1EF70E43D4F15B0DD08C9E0C8/,2640025,iG.Vitality,iG.V,https://steamcdn-a.akamaihd.net/apps/dota2/images/team_logos/2640025.png,2023
227,5775158484,12726,7355202,0-900,Ceros&99,https://steamusercontent-a.akamaihd.net/ugc/1704034601417286784/36BCC7B8CD0F264624D0D51541B0A17EE75185C8/,-1,<UNKNOWN>,<UNKNOWN>,<UNKNOWN>,2021
12829,5508582364,12214,8058271,WarFreakZ,WF,,8058252,Grave Keepers,GK,https://steamusercontent-a.akamaihd.net/ugc/1324571995459690333/F3BA03D358F51FC83338AB4560D58E5B77A9208E/,2020
9788,6148376197,13442,1689423,Nature is not for a weak,NINFAW,https://steamusercontent-a.akamaihd.net/ugc/1747953039428717660/DD1AD992EAD95D2DE66DD127656604ECF19F3056/,5184391,EYE gaming,EYE,https://steamusercontent-a.akamaihd.net/ugc/1786219031639964970/96656BBE81482732A0B7681BD413984FFDEE0129/,2021
2098,6428863755,13954,8375259,Infinity,Infinity,https://steamusercontent-a.akamaihd.net/ugc/2012577143832299242/0B29AFE6D9B224CB4EDB33A07AAC0D3FD19A00A6/,2672298,NoPing Esports,NOPING,https://steamcdn-a.akamaihd.net/apps/dota2/images/team_logos/2672298.png,2022
7941,7087317390,14915,9005165,Star Foxes,SF,https://steamusercontent-a.akamaihd.net/ugc/2027220095511607538/A6FA8DDA68296D4ED65754301F2C0AEC812321F7/,8979725,ua rejects ,ua,https://steamusercontent-a.akamaihd.net/ugc/2051987993892076703/93F81E04DBDB997BD06D7297A49FEE9975348308/,2023
6602,5371668743,11898,7267298,EHOME.Immortal,EHOME.I,https://steamusercontent-a.akamaihd.net/ugc/1009310639734460169/790AB3B9CDDC1F7870F763E1C2667A3FDE46267A/,7099096,Typhoon,,https://steamusercontent-a.akamaihd.net/ugc/798738460202430961/DED31602C14252A0F6BA948B14EC98E125C3795B/,2020
592,5201645213,11517,36,Natus Vincere,NAVI,https://steamcdn-a.akamaihd.net/apps/dota2/images/team_logos/36.png,39,Shopify Rebellion,SR,https://steamcdn-a.akamaihd.net/apps/dota2/images/team_logos/39.png,2020
10415,5454427123,11964,7732977,BOOM Esports,BOOM,https://steamusercontent-a.akamaihd.net/ugc/768365068750604173/EF3216F4B02A0DA2327AC3190A369349C7BF3A24/,7977167,Dota Hero,DH,https://steamusercontent-a.akamaihd.net/ugc/1036338667653740554/5174FCE71F57B35D1E9D86880227A91045BBDE13/,2020
7011,7071308955,14933,8850015,DARKNESS GAMING,DG,https://steamusercontent-a.akamaihd.net/ugc/1877463356745066761/970A15CB7D3F860BA71E931D9D5C10692F27EA01/,8957156,Silent killer,sK,https://steamusercontent-a.akamaihd.net/ugc/5085158533690852941/5CFD49C25A35151C036A8B2A05CD44D06CB73853/,2023
3595,5898668888,11863,8260983,TSM,TSM,https://steamusercontent-a.akamaihd.net/ugc/1996813186806561034/BC39F0DC131EDC7D7D8A9DCE4933B4A8B0966004/,7819028,4 Zoomers,4Zs,https://steamusercontent-a.akamaihd.net/ugc/1602673819877727289/A7BCAD59945257F51E702AEB9CD376A2D186C8B1/,2021
25222,7414192439,15660,8970060,Moonwalkers,MW,https://steamusercontent-a.akamaihd.net/ugc/2029468089264423859/85E899F41FAB04B80B2041B13237C4CA56BE48CF/,8849990,REAL ECLIPSE,RE,https://steamusercontent-a.akamaihd.net/ugc/1929254752465573749/361F2A6C8D795A02396A031F45011DC69AD552AE/,2023
7006,7639747026,15901,9175367,Business Club,bc,https://steamusercontent-a.akamaihd.net/ugc/2041874097465563602/35B8C3D831CFD2EF5A19512410C18F1B7F9C460A/,9344594,Dominion,DO,https://steamusercontent-a.akamaihd.net/ugc/2321112186415898348/871A78A27BBA2ABBD82864F988C23D15C7351836/,2024
2829,6448944083,13896,8360138,Neon Esports,neon,https://steamusercontent-a.akamaihd.net/ugc/1905612771137210708/67688ED3000B1B2140DCDD96275E114F3F9F3BC7/,8680140,Team ScorpioN,,https://steamusercontent-a.akamaihd.net/ugc/1859427396386498058/4CE538CA04C681B33D24A1AB23219904A8A2D587/,2022
8214,6095549358,13330,5896013,The Prime,ThePrime,https://steamusercontent-a.akamaihd.net/ugc/1658973170871965138/BCEC643ED88AFA558E8E5939723632B80F2F93DC/,7623629,ARMY GENIUSES,AG,https://steamusercontent-a.akamaihd.net/ugc/1461932727946344453/052CE6FA4D852FCA354B9E258FC7ED7A5F78F931/,2021
14917,7210097084,15325,9080294,Dragonfire Dominators,DD,https://steamusercontent-a.akamaihd.net/ugc/2026100532599162114/361D4C68BE64E58130F442729FDC87B2FBC4B030/,9081155,Alpha Wolves,AW,https://steamusercontent-a.akamaihd.net/ugc/2026101258017141055/9CFD731287E4222395A383E7ECE31295446B0F85/,2023
9258,7676108803,16344,9254408,The Immortal,Ti,https://steamusercontent-a.akamaihd.net/ugc/2363896044787382613/22481094AB9EA0ACC639C483812E052C15820186/,8736661,Made in Philippines,MIPH,https://steamusercontent-a.akamaihd.net/ugc/1899975198387120959/F3281DD8CF9289232B5D5E73E14662AC465E4F8A/,2024
7305,7075904399,14933,9025669,CrimsonSky,CS,https://steamusercontent-a.akamaihd.net/ugc/2075635690086590897/AE8997D69BAE95D9DEE56EAF662269E793887E3F/,9005364,Night Vision,NV,https://steamusercontent-a.akamaihd.net/ugc/2001324397658024099/35E9953E42B26F1F51DB7285BA04DC200FC27A76/,2023
14036,6287321561,13676,8193681,Team Thailand,THA,https://steamusercontent-a.akamaihd.net/ugc/1692752142641385446/54BF6230D47E44F1E370235FB63AC7EAF070F525/,8598451,Philippines,PH,https://steamusercontent-a.akamaihd.net/ugc/1824516255926313042/23A5A6531990C703E921C8A1AC43D63D029FB32B/,2021
10433,6172514335,13371,8482620,M Y,M Y,https://steamusercontent-a.akamaihd.net/ugc/1698404946593255709/584C31AEB3979F80156F1132B369E37C059DD20B/,8520116,Top Team,,https://steamusercontent-a.akamaihd.net/ugc/1686023592205814420/85C5DFB474FCBFBCE5DB4C27AEE0C6FF7AF29565/,2021
15927,5590126339,12205,7855913,Nebula,Nebula,https://steamusercontent-a.akamaihd.net/ugc/1759188059591077829/54DE208988419002B17CCF7EE38ECF9477293295/,8062461,YOUR SOUL IS MINE,ysiM,https://steamusercontent-a.akamaihd.net/ugc/1764817883957607834/170EC46F1B082767D89B26DAEA761B42FC4E045B/,2020
2107,6429306477,13894,8525778,Polaris Esports,Polaris,https://steamusercontent-a.akamaihd.net/ugc/1831290045925630948/400C4E5FD779D964D9BEC5E44D414073ADC03790/,8360138,Neon Esports,neon,https://steamusercontent-a.akamaihd.net/ugc/1905612771137210708/67688ED3000B1B2140DCDD96275E114F3F9F3BC7/,2022
4095,5930209486,12929,8204512,Neptune Gaming,NG,https://steamusercontent-a.akamaihd.net/ugc/1856041839331632619/2BEAA9EAB2E127CFE87C149A88C4F07548E65685/,6209804,Antarctic Penguins,AP,https://steamcdn-a.akamaihd.net/apps/dota2/images/team_logos/6209804.png,2021
5897,5995624860,13110,5055770,Gorillaz-Pride,G-pride,https://steamusercontent-a.akamaihd.net/ugc/934927864604413601/D9FF391286B256016F320077FC6B4BEC594FF774/,8186683,Latam Defenders,DEF,https://steamusercontent-a.akamaihd.net/ugc/1672485758211517471/6FF829A46A64CABABEBB03E71082AE4CB1A1BEEC/,2021
8354,5410053115,12012,6685591,ViKin.gg,Vikin.gg,https://steamusercontent-a.akamaihd.net/ugc/1628571207900914834/9A093A05B2DDED488984470F0FADEFDE1F5EDE9F/,6740284,TEAM HEROIC,Heroic,https://steamusercontent-a.akamaihd.net/ugc/1009313408643011645/491DBA41E0D80D9ACF0388351D31484D9E3FFCB6/,2020
17871,6779976877,14373,8629327,Sworn Die,Sd,https://steamusercontent-a.akamaihd.net/ugc/1893228189115135367/7B3DB4DB3D54C15F2647A719B02F0584344C7B55/,2443375,Foxy gaming,Foxy,https://steamusercontent-a.akamaihd.net/ugc/2050873742320252975/AC5A2097BEF04FD6D958B34C8A02A75C445ED58A/,2022
15701,7221503772,15257,8849837,FALL VICTIMS,FV,https://steamusercontent-a.akamaihd.net/ugc/1839182035511443777/DF26E33597EAEB9EBB3F085DA1CA7667E5E11BCB/,9048057,Vitality Warriors,VW,https://steamusercontent-a.akamaihd.net/ugc/2020468497848694467/6A965540C6EAEB062C4D1DC5E02ECC8209AE3D46/,2023
15882,6717236899,14448,8124688,Kylin Esports Club,Kylin,https://steamusercontent-a.akamaihd.net/ugc/2024968930202758261/7E50DBE3E7A238583253C67C2805BF6A0AFF968C/,8360138,Neon Esports,neon,https://steamusercontent-a.akamaihd.net/ugc/1905612771137210708/67688ED3000B1B2140DCDD96275E114F3F9F3BC7/,2022
20321,5708400679,12528,15,PSG.LGD,PSG.LGD,https://steamcdn-a.akamaihd.net/apps/dota2/images/team_logos/15.png,2640025,iG.Vitality,iG.V,https://steamcdn-a.akamaihd.net/apps/dota2/images/team_logos/2640025.png,2020
18338,7263799953,14915,9104067,Rakuzan,Rakuzan,https://steamusercontent-a.akamaihd.net/ugc/2039614074871925398/5F013D18FA3BF8B3AEAB8B9EE8785CAD9CAB80AB/,9005165,Star Foxes,SF,https://steamusercontent-a.akamaihd.net/ugc/2027220095511607538/A6FA8DDA68296D4ED65754301F2C0AEC812321F7/,2023
10058,7693149735,15901,9395676,Shinigami gaming,Shin,https://steamusercontent-a.akamaihd.net/ugc/2518149232230029748/6204E1A0315057E9F227EDBCD42DB8F193B593AF/,8829924,Rabbits of Revenge,RoR,https://steamusercontent-a.akamaihd.net/ugc/1797522561529266178/C451F5F544B99C6AEBC05E004237F7A98253AA79/,2024
15014,5567117840,12239,7408845,Execration,XctN,https://steamusercontent-a.akamaihd.net/ugc/1479947126466883706/805E24B193B5C67C2B505C8808AD7E56DA302273/,7667536,MOTIVADE.TRUST GAMING,MG.Trust,https://steamusercontent-a.akamaihd.net/ugc/770617831430854146/B94ED58DFF2B50B6CE55BBC96514B89CF979BD89/,2020
18419,7265058316,15257,9025669,CrimsonSky,CS,https://steamusercontent-a.akamaihd.net/ugc/2075635690086590897/AE8997D69BAE95D9DEE56EAF662269E793887E3F/,8970060,Moonwalkers,MW,https://steamusercontent-a.akamaihd.net/ugc/2029468089264423859/85E899F41FAB04B80B2041B13237C4CA56BE48CF/,2023
3328,5279488381,11382,7358551,Sunrise,,https://steamusercontent-a.akamaihd.net/ugc/775103976193271931/250ADBD10EC520F89708F9B0F14365BA9ADB4696/,7467638,Team Rockets,,https://steamusercontent-a.akamaihd.net/ugc/764974771702063556/BB17069ED4F65C064E7912C8AAA4EF67EB2F480D/,2020
12606,5504237956,12160,7998370,Spade A,,https://steamusercontent-a.akamaihd.net/ugc/1644339474304671251/1798B0731267EE8387057DE7C7259751756A3961/,7716098,Leopard Gaming,,https://steamusercontent-a.akamaihd.net/ugc/998053942974230410/CD3168D7FDAFADE2FB7743E4DB496B5AE5E55F0F/,2020
10180,7698373795,16109,8957156,Silent killer,sK,https://steamusercontent-a.akamaihd.net/ugc/2431453582272336330/5CA27C9845C6CB2F21DF0776E0155ED13942CB44/,9005364,Night Vision,NV,https://steamusercontent-a.akamaihd.net/ugc/2460727068613839643/35E9953E42B26F1F51DB7285BA04DC200FC27A76/,2024
4889,7031963950,15089,15,PSG.LGD,PSG.LGD,https://steamcdn-a.akamaihd.net/apps/dota2/images/team_logos/15.png,8291895,Tundra Esports,Tundra,https://steamusercontent-a.akamaihd.net/ugc/2031716132171967904/07B168B8063D9B22CDAD53AB421ECAF3D4B2E07E/,2023
4976,7033246863,14659,8629318,Mad Monkeys,Mm,https://steamusercontent-a.akamaihd.net/ugc/2030594623051270091/A10316EBD20ECE720470ED4A5D07B3C6DDDC693A/,8629005,Flawless Goblins,Fg,https://steamusercontent-a.akamaihd.net/ugc/1972044023037974203/AFD57B5B64B1E42F199DC861D81052FD991943EC/,2023
21434,7326177433,15026,8629317,Bright Crusaders,Bc,https://steamusercontent-a.akamaihd.net/ugc/1898855551945525392/1DB70894416C865659F1417EC6330B6DE78470F9/,2443375,Foxy gaming,Foxy,https://steamusercontent-a.akamaihd.net/ugc/2050873742320252975/AC5A2097BEF04FD6D958B34C8A02A75C445ED58A/,2023
8146,5406584259,12027,7939835,throne,,,6266565,0-900,0-900,https://steamusercontent-a.akamaihd.net/ugc/781873071400631505/B28548CACF0859792995F0AE6EB69762B5988AB8/,2020
1909,7548004683,12903,-1,<UNKNOWN>,<UNKNOWN>,<UNKNOWN>,-1,<UNKNOWN>,<UNKNOWN>,<UNKNOWN>,2024
1668,5815971623,12817,8283005,Dream Maker,Dream Make,https://steamusercontent-a.akamaihd.net/ugc/1765942692046479396/CB757A92CFC6A6A479D48E31415E42F0BB6D92F0/,5896013,The Prime,ThePrime,https://steamusercontent-a.akamaihd.net/ugc/1658973170871965138/BCEC643ED88AFA558E8E5939723632B80F2F93DC/,2021
16605,6733407034,14373,8629315,Wiser Warriors,WW,https://steamusercontent-a.akamaihd.net/ugc/1986681444713706353/0575A4710A74492DD73284E0218084E9EBD39C20/,8629324,Swift Knights,Sk,https://steamusercontent-a.akamaihd.net/ugc/2017088992310291098/09843295840179839F2FAF5870B9CBAC09E19911/,2022
526,7529047958,15901,9209880,Prodigy Of God,POG,https://cdn.steamusercontent.com/ugc/2502382832092927234/D8CB3937C90008630491BBAFE364224C191A4573/,9270745,Elite Eclipse,EE,https://cdn.steamusercontent.com/ugc/2307594539199380450/B6552232247E395A06E70B98FFE372954ED7A3C1/,2024
85,7519159654,15819,8961813,SHAOLIN,SHN,https://steamusercontent-a.akamaihd.net/ugc/5097543432692536332/C3EA7D411BF1527BD6E77CB50C7BCBFD971F73B9/,8893840,Big Bang Gaming,BB,https://steamusercontent-a.akamaihd.net/ugc/2019352804996053730/B2F33387BA6420EF613A6A80085DA457BF81CA75/,2024
7790,5399911179,11828,7821743,Benny Brian,BB,https://steamusercontent-a.akamaihd.net/ugc/1019444842581338465/4602E63757F2E4E84A4D2E0D8436FC7089FF0777/,7855864,Team Poyo,Poyo,,2020
17884,7256153284,15026,8629005,Flawless Goblins,Fg,https://steamusercontent-a.akamaihd.net/ugc/1972044023037974203/AFD57B5B64B1E42F199DC861D81052FD991943EC/,8629327,Sworn Die,Sd,https://steamusercontent-a.akamaihd.net/ugc/1893228189115135367/7B3DB4DB3D54C15F2647A719B02F0584344C7B55/,2023
997,6388062021,13709,7119388,Team Spirit,TSpirit,https://steamusercontent-a.akamaihd.net/ugc/1839179120711951766/CD7E0885CB527334205CC7885E9C101B7BC17702/,1883502,Virtus.pro,VP,https://steamcdn-a.akamaihd.net/apps/dota2/images/team_logos/1883502.png,2022
16063,6720836249,14486,8741396,YNT,YNT,https://steamusercontent-a.akamaihd.net/ugc/2022723703313477715/2E89991542D670C8BBF889C67100A0968BCEFFE6/,8390848,ITB.Shuffle,ITB,https://steamusercontent-a.akamaihd.net/ugc/2033971688891717612/74B24272DD4C683A2069F5B75254A61AC429E8A9/,2022
9739,7119030305,14915,8965054,EYE-Gaming,EYE,https://steamusercontent-a.akamaihd.net/ugc/2003571938580599854/20CB1AA41471ABE1B5C460D8CBDE915E595F8B23/,8765917,Shinigami Gaming,Shin,https://steamusercontent-a.akamaihd.net/ugc/2006954531680678481/9FC4E10AC898DD9E3E77A40211558273D498CFC8/,2023
13671,6674075773,14371,8634503,Team Tsunami,Tsunami,https://steamusercontent-a.akamaihd.net/ugc/1831276854743689339/1696216F83B51A3569AC1F84EDABD8DA55DE7714/,7653080,Yangon Galacticos,YG,https://steamusercontent-a.akamaihd.net/ugc/1772699046724205365/4B26D0595EF6D331640462985C7C6E01E1BA63AD/,2022
1890,6985639924,14783,8680612,noMERCY,noMERCY,https://steamusercontent-a.akamaihd.net/ugc/2072263299220300385/701C7260941442D8CA1765012CBEE385EC2E23A7/,8606828,Wildcard,WC,https://steamusercontent-a.akamaihd.net/ugc/5105424732072463157/803C73A4F9A4C089EFD08A2E572BDFADEB838260/,2023
4210,7581788819,15901,9088071,EYE Gaming,EYE,https://steamusercontent-a.akamaihd.net/ugc/1880842325021945866/AD594D1C59AB23CF8AFD155209D477A382698B1A/,9209880,Prodigy Of God,POG,https://steamusercontent-a.akamaihd.net/ugc/2294084373444867064/D8CB3937C90008630491BBAFE364224C191A4573/,2024
9568,5432712608,11898,6209166,Team Aster,Aster,https://steamusercontent-a.akamaihd.net/ugc/1629730253163462144/FEF15B2B4528E81103DD693E37FD7B6C9BE6B471/,7407260,Team Saiyan,TSaiyin,https://steamusercontent-a.akamaihd.net/ugc/1842548410827797671/F72DBF5A0896F56D9E7A95E6377ED5CC313A8BD5/,2020
6568,7633275020,16059,8629315,Wiser Warriors,WW,https://steamusercontent-a.akamaihd.net/ugc/1986681444713706353/0575A4710A74492DD73284E0218084E9EBD39C20/,8629014,Dragon Blood,DB,https://steamusercontent-a.akamaihd.net/ugc/2036224122590251530/1CF2060AE5A404AEF691C3180FF9CB522056149A/,2024
1053,5792472355,12718,8261648,Old G,Old.G,https://steamusercontent-a.akamaihd.net/ugc/2057626457212027024/ADB880F0121D19FD7353B6DCD539D276D88F770C/,6209143,Gambit Esports,Gambit,https://steamusercontent-a.akamaihd.net/ugc/1673611238067598411/742FCEE08555E162BCB192F14E2FC6B623092A60/,2021
11570,6632835896,14284,-1,<UNKNOWN>,<UNKNOWN>,<UNKNOWN>,-1,<UNKNOWN>,<UNKNOWN>,<UNKNOWN>,2022
884,5213773406,11602,7654082,JW Esports,JW,https://steamusercontent-a.akamaihd.net/ugc/771743400541233662/0FEC63ECC88D9C02ECD350CE0F3FB5DCF866765A/,7391003,GIGA ESPORT,GIGA,https://steamusercontent-a.akamaihd.net/ugc/776231328123156227/A1A5282D3F7C706E4A5733C3E04257210D881FCC/,2020
22049,5747071598,12621,36,Natus Vincere,NAVI,https://steamcdn-a.akamaihd.net/apps/dota2/images/team_logos/36.png,7554697,Nigma Galaxy,NGX,https://steamusercontent-a.akamaihd.net/ugc/1827894588975105240/421C0D8318D71D5DD31FD08A7933AB622AE26590/,2020
18312,5662553744,11170,7482462,Eventus Tenebris,ET,https://steamusercontent-a.akamaihd.net/ugc/771730716928411747/1D5FDE32778D728530A7CD476F23A19C9BEB67D9/,7667563,Orbium,Orbium,https://steamusercontent-a.akamaihd.net/ugc/787502840925625811/5D86C2A4EDF9C8FDA0D0AE3A981FAB22931F11FA/,2020
9646,7683846590,16023,9382161,Пожилые Гачи,PGG,https://steamusercontent-a.akamaihd.net/ugc/2468608552752065275/850F6C2FAF952A3F1835A097A8373741F7EB4789/,9382438,ДРЕВНИЕ РУСЫ,Д. РУСЫ,https://steamusercontent-a.akamaihd.net/ugc/2434831555543563478/48AF4CA3C8B72047108235C9179998A3B2A6B261/,2024
13960,6678514448,14373,8629317,Bright Crusaders,Bc,https://steamusercontent-a.akamaihd.net/ugc/1898855551945525392/1DB70894416C865659F1417EC6330B6DE78470F9/,8629318,Mad Monkeys,Mm,https://steamusercontent-a.akamaihd.net/ugc/2030594623051270091/A10316EBD20ECE720470ED4A5D07B3C6DDDC693A/,2022
5313,7607871629,16201,39,Shopify Rebellion,SR,https://steamcdn-a.akamaihd.net/apps/dota2/images/team_logos/39.png,1838315,Team Secret,Secret,https://steamcdn-a.akamaihd.net/apps/dota2/images/team_logos/1838315.png,2024
17225,7248020937,15475,8261500,Xtreme Gaming,XG,https://steamusercontent-a.akamaihd.net/ugc/2023835418754383891/3449F2F94858E332CE6FAD2C1160E3657EF33ACD/,7422789,9Pandas,9Pandas,https://steamusercontent-a.akamaihd.net/ugc/2051995054798077075/215B4406507A2E6FD64172231CB8771D35FC83B1/,2023
22101,7339424370,12903,9142293,leman fanboys,leman,https://steamusercontent-a.akamaihd.net/ugc/2028359449105910687/8DEBA69B8CCEE7A49BDAB75A26C5654B6280ABB5/,7316845,ANIME  FRIENDS FOREVER GAYS,AFFG,https://steamusercontent-a.akamaihd.net/ugc/782989170195164995/E07172C02CBBC3DE255B30D62A07A908C37040EE/,2023
2562,5256968799,11668,7612347,Panda Gaming,,https://steamusercontent-a.akamaihd.net/ugc/778493212059421166/C422ED67AB772453EC693CBC85226A0903E561A9/,7625918,Team Eagles,,https://steamusercontent-a.akamaihd.net/ugc/768360633200403869/EFA6DD2AD46C30BB78B6F5747D0E55B0DDE29A7E/,2020
2984,7559313442,16109,8849990,REAL ECLIPSE,RE,https://steamusercontent-a.akamaihd.net/ugc/1929254752465573749/361F2A6C8D795A02396A031F45011DC69AD552AE/,8879077,Titan Strikers,Ts,https://steamusercontent-a.akamaihd.net/ugc/1883094772998200750/B3C96731E7DC2A2F2FBC12845A1C307112F1F389/,2024
8988,6593516373,14239,8597183,Summit Gaming,Summit,https://steamusercontent-a.akamaihd.net/ugc/1858293253134037240/AE1A9BA983BF52F42E5E12A0363C108CBC75FDBC/,8741674,Team Saiyan,TS,https://steamusercontent-a.akamaihd.net/ugc/1817777977609797855/222513B38B7E3B548D48891CF7F1A74C2F41BE30/,2022
773,7530943050,16053,9309287,Kalmychata,kalmychata,https://cdn.steamusercontent.com/ugc/2294087545396448242/A0CBDFC29BE2D76EC1D14132128D342234582231/,7422789,9Pandas,9Pandas,https://cdn.steamusercontent.com/ugc/2485502666697365913/234C3E0EDA6A8E315DC78A5EC2C6C1FBB1DD6657/,2024
3818,7015707833,14565,8962585,Star Foxes ,SF,https://steamusercontent-a.akamaihd.net/ugc/5077277234388141724/A6FA8DDA68296D4ED65754301F2C0AEC812321F7/,8994291,Air Defence,AD,https://steamusercontent-a.akamaihd.net/ugc/2029470694580919694/85FEE9759F6A9ABB8283A21CE2A8AC57004B4BCA/,2023
13194,6668422147,14286,8721429,Create-X,CrtX,https://steamusercontent-a.akamaihd.net/ugc/1735595184990011101/E92A721C2FC9013E371CED2D223B050C1E0CD60A/,8597183,Summit Gaming,Summit,https://steamusercontent-a.akamaihd.net/ugc/1858293253134037240/AE1A9BA983BF52F42E5E12A0363C108CBC75FDBC/,2022
12809,5508175001,11382,7467638,Team Rockets,,https://steamusercontent-a.akamaihd.net/ugc/764974771702063556/BB17069ED4F65C064E7912C8AAA4EF67EB2F480D/,7358551,Sunrise,,https://steamusercontent-a.akamaihd.net/ugc/775103976193271931/250ADBD10EC520F89708F9B0F14365BA9ADB4696/,2020
9970,5441735542,12027,7098928,Adroit,Adroit,https://steamusercontent-a.akamaihd.net/ugc/1477695389025464429/C8DDE707B2CC970B42699AC1856B96D03AABED7C/,3586078,Geek Fam,GeekFam,https://steamusercontent-a.akamaihd.net/ugc/2011450519782421256/C72214A86E6C450DA8CF1A18AE9539B5CAEE7D45/,2020
6145,7624306560,16109,8849850,HELLBEAR HEROES,HH,https://steamusercontent-a.akamaihd.net/ugc/1832426636071471178/000ACC2A4ADD9D3EBA21A1A4556FCC192415B318/,8850100,TOXIC TEAM,Tt,https://steamusercontent-a.akamaihd.net/ugc/1908988554144828055/21F5207FA69BBFDEAE66FC1A852FBCFF09FCD140/,2024
16528,6731189364,14200,8607589,EYE-gaming,EYE,https://steamusercontent-a.akamaihd.net/ugc/1880842325021944166/AD594D1C59AB23CF8AFD155209D477A382698B1A/,8546012,Celestials,CS,https://steamusercontent-a.akamaihd.net/ugc/1789640723386569625/CE6B7000FA0491C7325A31F4FA63BA5DEB520B28/,2022
12415,6241097703,13442,8546012,Celestials,CS,https://steamusercontent-a.akamaihd.net/ugc/1789640723386569625/CE6B7000FA0491C7325A31F4FA63BA5DEB520B28/,8526121,Kiba Arms,Kiba,https://steamusercontent-a.akamaihd.net/ugc/1681520338017611321/C874F0EBA5B3083240361F889D627EC9FEA1E177/,2021
1761,5819879375,12705,7653080,Yangon Galacticos,YG,https://steamusercontent-a.akamaihd.net/ugc/1772699046724205365/4B26D0595EF6D331640462985C7C6E01E1BA63AD/,8262026,ZeroTwo,02,https://steamusercontent-a.akamaihd.net/ugc/1653350875922875114/657D8D367D3DD8883DE37A6DC237462EDD198481/,2021
13846,6284700300,13742,7626304,SAND KING GÓMEZ,SKG,https://steamusercontent-a.akamaihd.net/ugc/2077888936797748911/EE4B48AA0D315BB844CC3CA8EAA77D5CD45B5AB6/,8081301,Typical NA ,TNA,https://steamusercontent-a.akamaihd.net/ugc/1816614963773169976/2B3E84815E499968A4E6225CE58696D09A41E374/,2021
1751,6417459140,13613,8638425,Kinkalow,KKL,,8668164,Eternal ,Eternal,https://steamusercontent-a.akamaihd.net/ugc/1860559060616297255/0C4127A6D76CE88256A9EFDA1B6BA77A39893C82/,2022
4783,6493080640,14055,8421741,Pavaga Gaming BY,PVG_BY,https://steamusercontent-a.akamaihd.net/ugc/1794100469709355023/983C96DC58EB1252341E700F8AC33DF6106A3C86/,8679473,Eclipse,Eclipse,https://steamusercontent-a.akamaihd.net/ugc/1813265500206491019/2C7279D80B89332ABB5A36331645931A0994379D/,2022
9280,7109485668,15141,8943671,Supernova,Nova,https://steamusercontent-a.akamaihd.net/ugc/2022709518835895061/2D931A627B882E01AEDDF0160EEA8373FBFD7ECE/,7356881,Meteor Gaming,MG,https://steamusercontent-a.akamaihd.net/ugc/1925880768489629203/41136088F0E4B4733EFB16A73300BBA20574DE93/,2023
10118,7125986350,15109,8893835,SuperRare,SR,https://steamusercontent-a.akamaihd.net/ugc/1898857990604608894/E678E4977D977E69300325D0E1C6EB6D728A1402/,8936507,FenixTeam,FT,https://steamusercontent-a.akamaihd.net/ugc/5063766435541618273/369B45B6067BA807581F7C454D69D02416456FD7/,2023
10918,6623706234,14284,-1,<UNKNOWN>,<UNKNOWN>,<UNKNOWN>,-1,<UNKNOWN>,<UNKNOWN>,<UNKNOWN>,2022
6847,6546240084,14148,8597183,Summit Gaming,Summit,https://steamusercontent-a.akamaihd.net/ugc/1858293253134037240/AE1A9BA983BF52F42E5E12A0363C108CBC75FDBC/,8489432,Tiger God,,https://steamusercontent-a.akamaihd.net/ugc/1705160718495548877/549AEBFF59692C123635B7271A00734D1816DE0F/,2022
9308,7109900411,15109,9018528,Crew X,CrX,https://steamusercontent-a.akamaihd.net/ugc/2068882429938837131/68A44FC4EE83B8F88C4BEAF8E71F22E55A21409B/,8864178,Marvelous Warriors,MW,https://steamusercontent-a.akamaihd.net/ugc/1915745870312970733/08ACDA39A18F8336DF6782B6D64A148F906D7278/,2023
15020,5567227190,12229,7470549,Blaze,Blaze,https://steamusercontent-a.akamaihd.net/ugc/767227751163401012/1342C56714DBC088F25626ED5615E88419F4DAB6/,8091459,旧时代的残党,,https://steamusercontent-a.akamaihd.net/ugc/1484452717211077006/C3687288023CE648CA66B26D65D566E75199A2B8/,2020
17525,7251972012,15480,8936507,FenixTeam,FT,https://steamusercontent-a.akamaihd.net/ugc/5063766435541618273/369B45B6067BA807581F7C454D69D02416456FD7/,8961813,SHAOLIN,SHN,https://steamusercontent-a.akamaihd.net/ugc/5097543432692536332/C3EA7D411BF1527BD6E77CB50C7BCBFD971F73B9/,2023
8706,6111901527,13286,8336189,Dota Geniuses,DG,https://steamusercontent-a.akamaihd.net/ugc/1724289666338994369/4A9AD2FC647468A48364C05AEA6F090D7752AFD9/,8328654,Shinigami,SnG,https://steamusercontent-a.akamaihd.net/ugc/1758064386008122330/BB216B4FAF9EE21B4A21930335D6FED97F98998E/,2021
6297,7628262190,15890,9366478,HouseHold Warriors,HHW,https://steamusercontent-a.akamaihd.net/ugc/2432577673800461225/E7AF4C273DF7AF34DD173E80005AD53BA8E4E674/,9098294,Carstensz Esports,Carstensz,https://steamusercontent-a.akamaihd.net/ugc/2056501732702586195/249112747B3394B5222936EAEAC258436EE15AF3/,2024
17883,7256147320,15480,8893837,Parallel eSports,PeS,https://steamusercontent-a.akamaihd.net/ugc/1999066441861408614/71D1E68ECD1B5567B1E56F93F8511DB66D829C93/,8961813,SHAOLIN,SHN,https://steamusercontent-a.akamaihd.net/ugc/5097543432692536332/C3EA7D411BF1527BD6E77CB50C7BCBFD971F73B9/,2023
11140,6626452782,14299,8254400,beastcoast,bc,https://steamusercontent-a.akamaihd.net/ugc/2008072595679478968/A080A63C70A5DEA039FBC1AE798EE2570E194606/,7119077,Hokori,Hokori,https://steamusercontent-a.akamaihd.net/ugc/2029478957748303606/E6E5012BA7FB146BF6924154E0848491518C5159/,2022
8261,6577932844,14198,8575072,team brasil,BR,https://steamusercontent-a.akamaihd.net/ugc/1812129453481426376/3CBA9BB97DD18A50764F8ADE495575050D5D30BA/,8335298,Randoms Esports,Randoms,https://steamusercontent-a.akamaihd.net/ugc/1799745823657793319/639D8F73559E3838F60014164335DB28032E79FB/,2022
2586,6996354810,14887,8737621,Lava Esports ,Lava,https://steamusercontent-a.akamaihd.net/ugc/2020458443820677798/6DBE7E16C897F641DC4BA91F1F04D784905F72B5/,8131728,Ukumari,Uku,https://steamusercontent-a.akamaihd.net/ugc/2005821149636251119/8AA0FD65758980E29B762EF7124456B95650118D/,2023
19752,5695638787,12526,8193375,Alpha Gaming,AG,,8097526,Team ODD,ODD,,2020
7315,7643518438,16390,-1,<UNKNOWN>,<UNKNOWN>,<UNKNOWN>,8820521,NoMatthew,NoMatthew,https://steamusercontent-a.akamaihd.net/ugc/2438208701509068489/350B89E8E9FB98BF8027B3FCDE4637AA2A15064D/,2024
9974,7691221614,16059,8629324,Swift Knights,Sk,https://steamusercontent-a.akamaihd.net/ugc/2518145430787227449/09843295840179839F2FAF5870B9CBAC09E19911/,8629317,Bright Crusaders,Bc,https://steamusercontent-a.akamaihd.net/ugc/2274947340409011428/1DB70894416C865659F1417EC6330B6DE78470F9/,2024
29438,7506316894,15971,9284744,Team Mars International,TMI,https://steamusercontent-a.akamaihd.net/ugc/2285077174199120569/334F066AECE43C82CD46B37163BE91D676E2FC89/,9156114,TEAM FREEDOM ESPORT,TF,https://steamusercontent-a.akamaihd.net/ugc/2035115975506964675/73428644D267DE860E1D9497E1A62C56F87619AD/,2023
15945,6718925937,14471,8168128,UD VESSUWAN,UDV,https://steamusercontent-a.akamaihd.net/ugc/1867311233773898162/D794290E044E716F386EBD09C5BEF85398017FEE/,8757202,Dream Walker,DRW,https://steamusercontent-a.akamaihd.net/ugc/1849305905115141860/C3BFEEA0168F7E7EAA01F826151EEC4CEA7A4825/,2022
17254,6760745823,14574,8687717,Ancient Tribe,ATT,https://steamusercontent-a.akamaihd.net/ugc/1991184321454001998/07A293B6565085107C7A440115D66892AA2006FC/,8390848,ITB.Shuffle,ITB,https://steamusercontent-a.akamaihd.net/ugc/2033971688891717612/74B24272DD4C683A2069F5B75254A61AC429E8A9/,2022
8496,6104727081,13268,1689423,Nature is not for a weak,NINFAW,https://steamusercontent-a.akamaihd.net/ugc/1747953039428717660/DD1AD992EAD95D2DE66DD127656604ECF19F3056/,8449479,Team GL,GL,https://steamusercontent-a.akamaihd.net/ugc/1851544201712028600/41FE37B27FEF92BD0D3CB5DD81E2A8274CEBCD2C/,2021
3012,6453237116,13980,8519148,eSport Rhein-Neckar,ERN,https://steamusercontent-a.akamaihd.net/ugc/1683771629303796099/378B9ED8D2A8576A4C4FDA3268086DE8DA3EE649/,6878393,Casual Gamers,CG,https://steamusercontent-a.akamaihd.net/ugc/1011527815300101078/EF832F939B3D184F97BE2310A8100381781BB786/,2022
13308,7185663921,12903,9092294,Team Wizarders,WZD_t,https://steamusercontent-a.akamaihd.net/ugc/2061005332308998142/3D6757430F757063809E42CCDDD13A5A43311835/,9073936,Astra,Ast,https://steamusercontent-a.akamaihd.net/ugc/2024973999886252624/821051B2FE512F421C03767EAE16988FFEDEAD78/,2023
19111,7278302029,15026,8629318,Mad Monkeys,Mm,https://steamusercontent-a.akamaihd.net/ugc/2030594623051270091/A10316EBD20ECE720470ED4A5D07B3C6DDDC693A/,8629315,Wiser Warriors,WW,https://steamusercontent-a.akamaihd.net/ugc/1986681444713706353/0575A4710A74492DD73284E0218084E9EBD39C20/,2023
974,6971430677,14959,8970102,Amanita ,Amanita ,https://steamusercontent-a.akamaihd.net/ugc/2054237887215626526/9E66388BF5F0063A20A119ED0F127C678B16BCC1/,8970163,Pull Up,Pup,https://steamusercontent-a.akamaihd.net/ugc/2031723060160720366/87AADF71E08A8BA61763A0DEAFF49DDA76D517A5/,2023
3412,7566668236,16077,9323850,Chompers X,Chomp,https://steamusercontent-a.akamaihd.net/ugc/2309851411868349896/31CF1A7CD341B7967F203503A11745F64CAF5B4D/,9330146,Sporkface Killaz Div2,,https://steamusercontent-a.akamaihd.net/ugc/2276074414692701591/5E311B3953236794EB3E8DF05FE439AF0329B01A/,2024
8249,7657080611,16478,8597976,Talon,TLN,https://steamusercontent-a.akamaihd.net/ugc/2028347991408203552/8DC9872DA88071D728A914CE17279959423FA340/,8360138,Neon Esports,neon,https://steamusercontent-a.akamaihd.net/ugc/1905612771137210708/67688ED3000B1B2140DCDD96275E114F3F9F3BC7/,2024
5382,7608811277,16201,8724984,Virtus.pro,VP,https://steamusercontent-a.akamaihd.net/ugc/1796396122320355023/2E833B3744ECB93AD9FF3797C0309B4ADB54AD2E/,5,G2 x iG,IG,https://steamcdn-a.akamaihd.net/apps/dota2/images/team_logos/5.png,2024
741,5207033540,11592,7555400,VAULT,Vault,https://steamusercontent-a.akamaihd.net/ugc/789748832049280380/549BD98A6248DF7B55F5D0CF3027F9392518A1CC/,6409189,Team Empire Hope,EmpireH,https://steamusercontent-a.akamaihd.net/ugc/788624714192129581/94E7F21983B7BB2007C0273EB9A447386433DB36/,2020
16129,6722032340,14200,8546012,Celestials,CS,https://steamusercontent-a.akamaihd.net/ugc/1789640723386569625/CE6B7000FA0491C7325A31F4FA63BA5DEB520B28/,8794067,Rakuzan,Rakuzan,https://steamusercontent-a.akamaihd.net/ugc/1903353113609042234/5F013D18FA3BF8B3AEAB8B9EE8785CAD9CAB80AB/,2022
3844,5915209811,12906,8360138,Neon Esports,neon,https://steamusercontent-a.akamaihd.net/ugc/1905612771137210708/67688ED3000B1B2140DCDD96275E114F3F9F3BC7/,7390454,The Oversight,OVS,https://steamusercontent-a.akamaihd.net/ugc/2054242960854114119/CB44D64E16DFD662E5862394A07CE83047AE24AC/,2021
11010,6624279743,14284,-1,<UNKNOWN>,<UNKNOWN>,<UNKNOWN>,-1,<UNKNOWN>,<UNKNOWN>,<UNKNOWN>,2022
5046,7601256280,15901,9088071,EYE Gaming,EYE,https://steamusercontent-a.akamaihd.net/ugc/1880842325021945866/AD594D1C59AB23CF8AFD155209D477A382698B1A/,9209880,Prodigy Of God,POG,https://steamusercontent-a.akamaihd.net/ugc/2502382832092927234/D8CB3937C90008630491BBAFE364224C191A4573/,2024
9514,6607345910,14284,-1,<UNKNOWN>,<UNKNOWN>,<UNKNOWN>,-1,<UNKNOWN>,<UNKNOWN>,<UNKNOWN>,2022
18174,7261172613,15540,9075558,Limit,LMG,https://steamusercontent-a.akamaihd.net/ugc/2053122130362084197/0D011B145AEEF4F115BD14DC698C9A7402B38084/,350190,Vision,VSG,https://steamcdn-a.akamaihd.net/apps/dota2/images/team_logos/350190.png,2023
7267,6059549089,13194,8375466,Motivate. Viper Gaming,MVG,https://steamusercontent-a.akamaihd.net/ugc/1697276876114058177/C93540F44666B466DD577679B40A6C689BE874F8/,2640025,iG.Vitality,iG.V,https://steamcdn-a.akamaihd.net/apps/dota2/images/team_logos/2640025.png,2021
4766,7595464805,15981,15,LGD Gaming,LGD,https://steamcdn-a.akamaihd.net/apps/dota2/images/team_logos/15.png,-1,<UNKNOWN>,<UNKNOWN>,<UNKNOWN>,2024
4164,6476953420,13754,8482620,M Y,M Y,https://steamusercontent-a.akamaihd.net/ugc/1698404946593255709/584C31AEB3979F80156F1132B369E37C059DD20B/,8350517,TEAM M11,M11,https://steamusercontent-a.akamaihd.net/ugc/1759191489698829647/D568C2109E30DDF6B892DEC556EAB95221BA8099/,2022
6534,7064303005,15125,8244493,Team SMG,SMG,https://steamusercontent-a.akamaihd.net/ugc/1856049226625971775/C8540DF2478E5EE8890CD4128DE07176F9FE5FA2/,8254145,Execration,XctN,https://steamusercontent-a.akamaihd.net/ugc/2024966396057134788/4EE29568BB91ECB5E77FC61824B6264789485060/,2023
3546,7011230849,14921,8344760,Team Bald Reborn,Tb,https://steamusercontent-a.akamaihd.net/ugc/1771579475955883553/F0DFC828EF7F028C61C909BB842A0C67E5C82078/,8733722,Water Rune Enjoyers,WRE,https://steamusercontent-a.akamaihd.net/ugc/1807654391835216438/AB0DCADFCA12D31B0B00BF202EF83DEF364D3D9E/,2023
18639,6806217871,14373,8629014,Dragon Blood,DB,https://steamusercontent-a.akamaihd.net/ugc/2036224122590251530/1CF2060AE5A404AEF691C3180FF9CB522056149A/,8629315,Wiser Warriors,WW,https://steamusercontent-a.akamaihd.net/ugc/1986681444713706353/0575A4710A74492DD73284E0218084E9EBD39C20/,2022
7838,6566076447,14132,8661276,Fusion Gaming,FG,https://steamusercontent-a.akamaihd.net/ugc/1813263145584146785/6B23DD90CF624032F7718F258E5A51E2A7025288/,7298091,Noping VPN,NP,https://steamusercontent-a.akamaihd.net/ugc/1832397555270794379/74495E56884CBA2CD0791A072503DA6CC86A6F7A/,2022
14636,5557269948,12169,2672298,NoPing Esports,NOPING,https://steamcdn-a.akamaihd.net/apps/dota2/images/team_logos/2672298.png,6849739,Ωmega Gaming,Ωmega,https://steamusercontent-a.akamaihd.net/ugc/1458555594796362184/AB542C336682A319783E2EF6AB24F9ACE0779F0D/,2020
20569,5713211230,12528,5,INVICTUS GAMING,IG,https://steamcdn-a.akamaihd.net/apps/dota2/images/team_logos/5.png,726228,Vici Gaming,VG,https://steamcdn-a.akamaihd.net/apps/dota2/images/team_logos/726228.png,2020
3634,6462684257,13754,8638425,Kinkalow,KKL,,8580985,Team Renewal,RNWL,https://steamusercontent-a.akamaihd.net/ugc/1869552606062811475/0096329C95FCF07715BB0239290AC9C2A23393C1/,2022
6733,7068205119,15122,8724829,HF,HF,https://steamusercontent-a.akamaihd.net/ugc/2012576066232974535/5C33B8E03B5EDC5FCE30657C3635AD552D0363FF/,8975678,Team Sexy,Sexy,https://steamusercontent-a.akamaihd.net/ugc/2029472529806585561/647C96E8587F12FA82659D9D41A45C408BCD03AF/,2023
699,5205357861,11382,7358551,Sunrise,,https://steamusercontent-a.akamaihd.net/ugc/775103976193271931/250ADBD10EC520F89708F9B0F14365BA9ADB4696/,7610605,Hot Pot Brother,,https://steamusercontent-a.akamaihd.net/ugc/772863466038607762/5BFA6567C06ADC9EEEACEE9047145C2A9F3AB5AF/,2020
8388,7658707612,15901,-1,<UNKNOWN>,<UNKNOWN>,<UNKNOWN>,9088071,EYE Gaming,EYE,https://steamusercontent-a.akamaihd.net/ugc/1880842325021945866/AD594D1C59AB23CF8AFD155209D477A382698B1A/,2024
23,6948604530,14812,8756469,Team Balut,TB,https://steamusercontent-a.akamaihd.net/ugc/1870697260272540333/97AB65886C820B03B7915C8E7E3341930C70EB80/,8706216,Refraction Gaming,RG,https://steamusercontent-a.akamaihd.net/ugc/1850423368768746118/CD85E50CF774C02D2E4DB459D9DC1BDB529D6C9B/,2023
11273,6197670407,13498,8244493,Team SMG,SMG,https://steamusercontent-a.akamaihd.net/ugc/1856049226625971775/C8540DF2478E5EE8890CD4128DE07176F9FE5FA2/,7732977,BOOM Esports,BOOM,https://steamusercontent-a.akamaihd.net/ugc/768365068750604173/EF3216F4B02A0DA2327AC3190A369349C7BF3A24/,2021
15587,6709938206,14130,6409189,Team Empire Hope,EmpireH,https://steamusercontent-a.akamaihd.net/ugc/788624714192129581/94E7F21983B7BB2007C0273EB9A447386433DB36/,8318683,IVY,IVY,https://steamusercontent-a.akamaihd.net/ugc/1831282128719142345/16D8DF72EE1A32D55674948D8C8F949168AA5A5C/,2022
26389,7438848082,15909,9248874,Atlas Burden,Atlas,https://steamusercontent-a.akamaihd.net/ugc/2229905542241137115/6C9C2D6ACE9D7A9251CA361267E53FDAABF95518/,-1,<UNKNOWN>,<UNKNOWN>,<UNKNOWN>,2023
15294,6703394917,14448,8538804,Rectify,Rekt,https://steamusercontent-a.akamaihd.net/ugc/2066633655845496143/530AE7150AAE8A786D5AF5F43710532564872F0E/,8746860,wolf,,https://steamusercontent-a.akamaihd.net/ugc/1881955358026211270/09C03F6C63D8A8A96644CF592266BE3681FDB0EB/,2022
9289,5426921865,11889,6266565,0-900,0-900,https://steamusercontent-a.akamaihd.net/ugc/781873071400631505/B28548CACF0859792995F0AE6EB69762B5988AB8/,2672298,NoPing Esports,NOPING,https://steamcdn-a.akamaihd.net/apps/dota2/images/team_logos/2672298.png,2020
17454,7250777078,15495,9109307,Ryoki Tenkai ,RT,https://steamusercontent-a.akamaihd.net/ugc/2058754800403828449/E0BB11415EAD10BC4C6F4832DCD2B78B48E65343/,9109275,PullUp,PullUp,https://steamusercontent-a.akamaihd.net/ugc/2024977803198375738/87AADF71E08A8BA61763A0DEAFF49DDA76D517A5/,2023
2931,6451259823,13877,8571253,RAKUZAN,RAKUZAN,https://steamusercontent-a.akamaihd.net/ugc/1742323198253021982/CCCD223F386D7F2835A4B141ED01AE1DB856AC00/,8533458,Team Flamingos,TF,https://steamusercontent-a.akamaihd.net/ugc/1618471532867651602/1E80D4492EBF01893BEA19F8E96154163B9D45DE/,2022
15619,5581274533,12245,1883502,Virtus.pro,VP,https://steamcdn-a.akamaihd.net/apps/dota2/images/team_logos/1883502.png,8077174,5men,5men,https://steamusercontent-a.akamaihd.net/ugc/1496837617076738644/D3C00B835FFEFFC9EDBFC56872C40689C2F76722/,2020
18026,7258525403,14915,9005165,Star Foxes,SF,https://steamusercontent-a.akamaihd.net/ugc/2027220095511607538/A6FA8DDA68296D4ED65754301F2C0AEC812321F7/,8765917,Shinigami Gaming,Shin,https://steamusercontent-a.akamaihd.net/ugc/2006954531680678481/9FC4E10AC898DD9E3E77A40211558273D498CFC8/,2023
21176,6931886151,14878,8944282,Pull Up,Pup,https://steamusercontent-a.akamaihd.net/ugc/1973169922942641986/87AADF71E08A8BA61763A0DEAFF49DDA76D517A5/,8944174,Amanita ,Amanita ,https://steamusercontent-a.akamaihd.net/ugc/2028339018383729957/9E66388BF5F0063A20A119ED0F127C678B16BCC1/,2022
2368,5845595093,12727,8254400,beastcoast,bc,https://steamusercontent-a.akamaihd.net/ugc/2008072595679478968/A080A63C70A5DEA039FBC1AE798EE2570E194606/,7298091,Noping VPN,NP,https://steamusercontent-a.akamaihd.net/ugc/1832397555270794379/74495E56884CBA2CD0791A072503DA6CC86A6F7A/,2021
1384,6977299616,14845,8969638,Benz190E,benz,https://steamusercontent-a.akamaihd.net/ugc/2020462796469421865/3FAE7BF65B6A284DF9D7F58A1E54BCAED66ADA33/,8769466,EZ KATKA,EZ ,https://steamusercontent-a.akamaihd.net/ugc/1892091893978023079/CB2156A26357516E7930BB9EB01602D84BD34FB3/,2023
20616,7307656070,14915,8957652,KIBA ARMS,KIBA,https://steamusercontent-a.akamaihd.net/ugc/5067144135193454546/C874F0EBA5B3083240361F889D627EC9FEA1E177/,9142866,Business Club,bs,https://steamusercontent-a.akamaihd.net/ugc/2031737253379162247/A9D128309B9FC2C328AE048CB69E4D07C67BD26C/,2023
14588,7205067567,15375,8944302,Myth Avenue Gaming,MAG,https://steamusercontent-a.akamaihd.net/ugc/2077887587643978863/6C1ACCEC01EB0BE4C9C75D82421118973C757DCF/,9005019,IHC,IHC,https://steamusercontent-a.akamaihd.net/ugc/2067757007450984921/A2C88E02AEB6336CE6069B321F12B3567F448C7A/,2023
6234,7626063506,16059,2443375,Foxy gaming,Foxy,https://steamusercontent-a.akamaihd.net/ugc/2289585333366985191/AC5A2097BEF04FD6D958B34C8A02A75C445ED58A/,8629317,Bright Crusaders,Bc,https://steamusercontent-a.akamaihd.net/ugc/2274947340409011428/1DB70894416C865659F1417EC6330B6DE78470F9/,2024
316,6365590209,13754,8435977,Red Flower,,https://steamusercontent-a.akamaihd.net/ugc/1770458885747517491/9C58B10A4FC5C0292C1CFAA3867E003D7F3D8163/,8261554,Army Geniuses Mansion ,AGM,https://steamusercontent-a.akamaihd.net/ugc/2036229291620856332/487BA4B704ADCA08C99B4F67E0DF5EF3D2F4DFD1/,2022
5015,5333914101,11829,6947300,Lutea,LUTEA,https://steamusercontent-a.akamaihd.net/ugc/1001430317047014724/BCDA097DFE5C26818119B32A30C6041B7EA8277B/,-1,<UNKNOWN>,<UNKNOWN>,<UNKNOWN>,2020
14619,5556581404,12222,7732977,BOOM Esports,BOOM,https://steamusercontent-a.akamaihd.net/ugc/768365068750604173/EF3216F4B02A0DA2327AC3190A369349C7BF3A24/,4817649,496 Gaming,496,https://steamusercontent-a.akamaihd.net/ugc/947347005705942313/366DDC9ACA9760D099E84685DE88D72E9BA65F3E/,2020
29156,7499043111,15898,9271759,MONTE ,MONTE ,https://steamusercontent-a.akamaihd.net/ugc/2297461440058922936/44B6C46F1F48325340342CDC065F119E5103C75A/,9017006,NAVI Junior,NAVIj,https://steamusercontent-a.akamaihd.net/ugc/2037353829143019867/9AE6002A5A41A74550B51358C4ADB9F81E6B50B0/,2023
955,7533004988,16053,7119077,Hokori,Hokori,https://cdn.steamusercontent.com/ugc/2270440475417693057/E6CD5B8C942B91762340873685BD895A84077330/,-1,<UNKNOWN>,<UNKNOWN>,<UNKNOWN>,2024
17892,5650959427,11263,7355343,Immortal Gaming,,https://steamusercontent-a.akamaihd.net/ugc/782984638949525955/82A30CCEFCB057D7A467D280DA49FE0289CE19BA/,7846103,Vampire Gamig,,https://steamusercontent-a.akamaihd.net/ugc/1016066563307580937/0FA9E415C120E60AB2270A76D5C3A8F49CCDE486/,2020
8499,6584734455,13379,8680909,ALIS VENTORUS,AVE,https://steamusercontent-a.akamaihd.net/ugc/1848168397327296131/946582AD4504E7EDB5CA07799B805F5319C54C95/,8724829,HF,HF,https://steamusercontent-a.akamaihd.net/ugc/2012576066232974535/5C33B8E03B5EDC5FCE30657C3635AD552D0363FF/,2022
29541,7508274872,15898,9216247,Team Klee,Klee,https://steamusercontent-a.akamaihd.net/ugc/2097046179637529531/D719D73590F6D8614DC5901F578C8880EF096439/,9255039,Klim Sani4,Klimi4,https://steamusercontent-a.akamaihd.net/ugc/2264812881897028424/C00BE783DDA3B8AB9ADC99B303332A1B13663A53/,2023
1810,5235537087,10884,-1,<UNKNOWN>,<UNKNOWN>,<UNKNOWN>,-1,<UNKNOWN>,<UNKNOWN>,<UNKNOWN>,2020
702,5779532887,12719,8261397,No Bounty Hunter,NBH,https://steamusercontent-a.akamaihd.net/ugc/1770445790631666790/6A55BB6F2B6A8FB2749EFC543A65475001653454/,166,Scenario,,https://steamusercontent-a.akamaihd.net/ugc/1832407370390600391/4B8EDF6460D5D3210412F6CFC2CBE3764DE863C1/,2021
4316,7024000014,14928,8538804,Atlantis,Atl,https://steamusercontent-a.akamaihd.net/ugc/1622975098310096562/A5295477C5A6A3A4765D1BDB457139EA3A24E3A7/,8863825,SPAWN Team,SPAWN,https://steamusercontent-a.akamaihd.net/ugc/2039603793768383082/F64305141DCAE854B84FA8A08E575951032202AD/,2023
22605,7347428098,15660,8849990,REAL ECLIPSE,RE,https://steamusercontent-a.akamaihd.net/ugc/1929254752465573749/361F2A6C8D795A02396A031F45011DC69AD552AE/,8849837,FALL VICTIMS,FV,https://steamusercontent-a.akamaihd.net/ugc/1839182035511443777/DF26E33597EAEB9EBB3F085DA1CA7667E5E11BCB/,2023
220,5188203159,11533,7542951,Fire Dragon,,https://steamusercontent-a.akamaihd.net/ugc/771733885116986657/A2CC9ADD5D9515A70292CB401FFD3A994E4C8016/,5805234,You Know Who,YKW,https://steamusercontent-a.akamaihd.net/ugc/764976955068054972/C8579458727625DEBF0C9D0813CC342FF35FC1E5/,2020
2072,5832595712,12692,8262532,Old n’ Bad,old man,https://steamusercontent-a.akamaihd.net/ugc/1678120729579394605/FDE226C2254D2171EA632A928D473C62484471B1/,8062461,YOUR SOUL IS MINE,ysiM,https://steamusercontent-a.akamaihd.net/ugc/1764817883957607834/170EC46F1B082767D89B26DAEA761B42FC4E045B/,2021
7665,6077315496,13256,8261818,Hellbear Smashers,SMASH,https://steamusercontent-a.akamaihd.net/ugc/1745679796967643438/92B0E956ED01D24C679FECED3D23D01EAB1C3048/,7554697,Nigma Galaxy,NGX,https://steamusercontent-a.akamaihd.net/ugc/1827894588975105240/421C0D8318D71D5DD31FD08A7933AB622AE26590/,2021
2060,5832230464,12692,8273403,YES CHEF,YC,https://steamusercontent-a.akamaihd.net/ugc/1751305074038260208/FFD45834FB31DA4489C7058B635DB788BA0B7ED2/,8273348,Good Game No Remorse,GGNR,https://steamusercontent-a.akamaihd.net/ugc/1769320890864651477/743B5535F923FFDC317515480FD9A26481830DDA/,2021
3578,6462139663,13980,8549249,Wisła All in! Games,WK,https://steamusercontent-a.akamaihd.net/ugc/1838027423222631668/714260BAA420492C168E1E8A5C939044D2951CCE/,8687717,Ancient Tribe,ATT,https://steamusercontent-a.akamaihd.net/ugc/1991184321454001998/07A293B6565085107C7A440115D66892AA2006FC/,2022
5272,7037714420,14659,8629005,Flawless Goblins,Fg,https://steamusercontent-a.akamaihd.net/ugc/1972044023037974203/AFD57B5B64B1E42F199DC861D81052FD991943EC/,8629327,Sworn Die,Sd,https://steamusercontent-a.akamaihd.net/ugc/1893228189115135367/7B3DB4DB3D54C15F2647A719B02F0584344C7B55/,2023
16812,5622807751,11249,7610605,Hot Pot Brother,,https://steamusercontent-a.akamaihd.net/ugc/772863466038607762/5BFA6567C06ADC9EEEACEE9047145C2A9F3AB5AF/,7358582,Team Space,,https://steamusercontent-a.akamaihd.net/ugc/787488875164732508/92B723260E7C87A71FF6A68AAB211995BE850512/,2020
13346,6274008164,13442,5184391,EYE gaming,EYE,https://steamusercontent-a.akamaihd.net/ugc/1786219031639964970/96656BBE81482732A0B7681BD413984FFDEE0129/,8546012,Celestials,CS,https://steamusercontent-a.akamaihd.net/ugc/1789640723386569625/CE6B7000FA0491C7325A31F4FA63BA5DEB520B28/,2021
2884,7001259269,15025,7316976,Whoops!,Whoops!,https://steamusercontent-a.akamaihd.net/ugc/763846244345529036/B7A9ED54088A2A79AE5B3E63B6250D8038943605/,5255232,Top G,,https://steamusercontent-a.akamaihd.net/ugc/2001320678558654552/B44D107790332A39A03F0360E59F034093798581/,2023
17258,6761077883,14493,8606828,Wildcard,WC,https://steamusercontent-a.akamaihd.net/ugc/5105424732072463157/803C73A4F9A4C089EFD08A2E572BDFADEB838260/,8820694,Ghostss,gt,https://steamusercontent-a.akamaihd.net/ugc/1830173024171516355/7C5E4C6BCF0C662D7CFC7D6E1119F35E40FE339A/,2022
20306,5708040533,12531,8086218,TEAM BRASIL,BR,https://steamusercontent-a.akamaihd.net/ugc/1494586360945844832/05E4DDCA25CA313396FFDF01C0D8E65141911E91/,8048279,Egoboys,EGO,https://steamusercontent-a.akamaihd.net/ugc/1282912715388467447/4049258DD58AFA5FB7608E7DC8AC6B08BA920F15/,2020
18738,5671554385,11668,7639670,Team Meteor,,https://steamusercontent-a.akamaihd.net/ugc/784123689192777459/C3B423E70E3CBDEDC62D1230BA3A2F839E6A702B/,7355343,Immortal Gaming,,https://steamusercontent-a.akamaihd.net/ugc/782984638949525955/82A30CCEFCB057D7A467D280DA49FE0289CE19BA/,2020
18620,5669535641,12459,7738472,DeMonster,,https://steamusercontent-a.akamaihd.net/ugc/1022824544172901131/1AC672DD216A91CE8C8820AEC357F8B7CF501C95/,8124688,Kylin Esports Club,Kylin,https://steamusercontent-a.akamaihd.net/ugc/2024968930202758261/7E50DBE3E7A238583253C67C2805BF6A0AFF968C/,2020
8922,7103398215,15195,8944282,Pull Up,Pup,https://steamusercontent-a.akamaihd.net/ugc/1973169922942641986/87AADF71E08A8BA61763A0DEAFF49DDA76D517A5/,8970053,Fuzanglong,Fuz,https://steamusercontent-a.akamaihd.net/ugc/1993436844756195298/F7E9A5CC8004B48ECE89BB4675BAB192D386D68A/,2023
518,5198440330,11620,7586995,Infinity,,https://steamusercontent-a.akamaihd.net/ugc/786373123275324391/79175498A2CABABAEF336CFDD2AA370705670C33/,7555613,OG.Seed,OG.S,https://steamusercontent-a.akamaihd.net/ugc/1004809121655041802/D9C893AC4F6CF2DA59CB22CF7FE1885133389F9A/,2020
9486,7112884864,15195,8970102,Amanita ,Amanita ,https://steamusercontent-a.akamaihd.net/ugc/2054237887215626526/9E66388BF5F0063A20A119ED0F127C678B16BCC1/,8970358,mind takers,MT,https://steamusercontent-a.akamaihd.net/ugc/2001317618118649176/D5F933113354B4991C5D61FB3C6FCEB074507571/,2023
10758,7136941954,15249,8944282,Pull Up,Pup,https://steamusercontent-a.akamaihd.net/ugc/1973169922942641986/87AADF71E08A8BA61763A0DEAFF49DDA76D517A5/,8970102,Amanita ,Amanita ,https://steamusercontent-a.akamaihd.net/ugc/2054237887215626526/9E66388BF5F0063A20A119ED0F127C678B16BCC1/,2023
9365,6131508266,13403,8204512,Neptune Gaming,NG,https://steamusercontent-a.akamaihd.net/ugc/1856041839331632619/2BEAA9EAB2E127CFE87C149A88C4F07548E65685/,726228,Vici Gaming,VG,https://steamcdn-a.akamaihd.net/apps/dota2/images/team_logos/726228.png,2021
4914,5961100065,13110,8254112,Omega Gaming,Ωmega,https://steamusercontent-a.akamaihd.net/ugc/1669113053190369840/AB542C336682A319783E2EF6AB24F9ACE0779F0D/,7119077,Hokori,Hokori,https://steamusercontent-a.akamaihd.net/ugc/2029478957748303606/E6E5012BA7FB146BF6924154E0848491518C5159/,2021
3206,7562208578,16109,8849990,REAL ECLIPSE,RE,https://steamusercontent-a.akamaihd.net/ugc/1929254752465573749/361F2A6C8D795A02396A031F45011DC69AD552AE/,8850016,FLYING FORTUNE,Ff,https://steamusercontent-a.akamaihd.net/ugc/1914618053677183905/643B71E4BC0996372029AC8E917018769F378A6F/,2024
18318,6792839364,14552,8254145,Execration,XctN,https://steamusercontent-a.akamaihd.net/ugc/2024966396057134788/4EE29568BB91ECB5E77FC61824B6264789485060/,7732977,BOOM Esports,BOOM,https://steamusercontent-a.akamaihd.net/ugc/768365068750604173/EF3216F4B02A0DA2327AC3190A369349C7BF3A24/,2022
1111,7535256382,16053,36,Natus Vincere,NAVI,https://steamcdn-a.akamaihd.net/apps/dota2/images/team_logos/36.png,9081007,Sibe Team,Sibe,https://cdn.steamusercontent.com/ugc/2523781268249407312/759C9DF3828E60B672A56F55580D64804FDEE70A/,2024
22983,7355594649,15737,7300277,KZ TEAM,KZ,https://steamusercontent-a.akamaihd.net/ugc/2050878574197691966/63BD4F33584531DD81146CD1BBFF4F7C4BAB6312/,8598633,Moneymakers,MM,https://steamusercontent-a.akamaihd.net/ugc/2021594397761808667/0D4392B2C152DE0424EBCB6B6DC3A4DBDDCCD12F/,2023
11153,6626733608,14105,2443375,Foxy gaming,Foxy,https://steamusercontent-a.akamaihd.net/ugc/2050873742320252975/AC5A2097BEF04FD6D958B34C8A02A75C445ED58A/,8629014,Dragon Blood,DB,https://steamusercontent-a.akamaihd.net/ugc/2036224122590251530/1CF2060AE5A404AEF691C3180FF9CB522056149A/,2022
25327,7418805232,15891,9239578,Shark Boys,SharkB-,https://steamusercontent-a.akamaihd.net/ugc/2155595510487066107/9529714A57184E33AB4AABD0D215B9BB2922D632/,8367062,Pacific ,Pacific ,https://steamusercontent-a.akamaihd.net/ugc/2061004359251374062/DF9E1906C3CF1D9DBBB0EB962A7AA3A996B82EE3/,2023
891,6385286085,13796,8629327,Sworn Die,Sd,https://steamusercontent-a.akamaihd.net/ugc/1893228189115135367/7B3DB4DB3D54C15F2647A719B02F0584344C7B55/,8629317,Bright Crusaders,Bc,https://steamusercontent-a.akamaihd.net/ugc/1898855551945525392/1DB70894416C865659F1417EC6330B6DE78470F9/,2022
7774,5399765639,11966,7484403,Ocean,Ocean,https://steamusercontent-a.akamaihd.net/ugc/763850051428718313/E6F5426B715D7EBECBCC0A1ACFFEC14128885E52/,7267298,EHOME.Immortal,EHOME.I,https://steamusercontent-a.akamaihd.net/ugc/1009310639734460169/790AB3B9CDDC1F7870F763E1C2667A3FDE46267A/,2020
4357,6481449540,13796,2443375,Foxy gaming,Foxy,https://steamusercontent-a.akamaihd.net/ugc/2050873742320252975/AC5A2097BEF04FD6D958B34C8A02A75C445ED58A/,8629014,Dragon Blood,DB,https://steamusercontent-a.akamaihd.net/ugc/2036224122590251530/1CF2060AE5A404AEF691C3180FF9CB522056149A/,2022
5569,5347357120,11863,7681441,business associates,business,https://steamusercontent-a.akamaihd.net/ugc/789755010916561479/354F9DF6125FE48FC70FF8588985EF77E8CDDAAE/,7668567,Cloud9,C9,https://steamusercontent-a.akamaihd.net/ugc/1005933936502558715/73494016F1CEED79E150317453817031A56EA33A/,2020
28401,7480470163,15901,9088071,EYE Gaming,EYE,https://steamusercontent-a.akamaihd.net/ugc/1880842325021945866/AD594D1C59AB23CF8AFD155209D477A382698B1A/,8829924,Rabbits of Revenge,RoR,https://steamusercontent-a.akamaihd.net/ugc/1797522561529266178/C451F5F544B99C6AEBC05E004237F7A98253AA79/,2023
3163,6456010051,13980,8643077,FromB,FB,https://steamusercontent-a.akamaihd.net/ugc/1895470145540119298/AC35F993A45EC837683D1B447827A663D59313EB/,8687691,Finest.gg,,,2022
2003,6987307510,14894,8893840,Big Bang Gaming,BB,https://steamusercontent-a.akamaihd.net/ugc/2019352804996053730/B2F33387BA6420EF613A6A80085DA457BF81CA75/,8864178,Marvelous Warriors,MW,https://steamusercontent-a.akamaihd.net/ugc/2021604542987123624/08ACDA39A18F8336DF6782B6D64A148F906D7278/,2023
13076,5514879040,12214,8058269,Clown City,CC,https://steamusercontent-a.akamaihd.net/ugc/1338082799228400637/420D6223667D8F44081C7F794395215C08061B08/,8056818,AsHab Kahaf,[AK],https://steamusercontent-a.akamaihd.net/ugc/1339208550273643965/47FD63E7EA634EF38D39A0F11A882A76ED245504/,2020
7234,7074717316,14659,8629327,Sworn Die,Sd,https://steamusercontent-a.akamaihd.net/ugc/1893228189115135367/7B3DB4DB3D54C15F2647A719B02F0584344C7B55/,8629318,Mad Monkeys,Mm,https://steamusercontent-a.akamaihd.net/ugc/2030594623051270091/A10316EBD20ECE720470ED4A5D07B3C6DDDC693A/,2023
8870,7668082405,16312,9332084,Lighting Legends,LL,https://steamusercontent-a.akamaihd.net/ugc/2350384442452246246/78AD251D0688D17927FD7C7A4F40CB11A30F50BF/,9018528,Crew X,CrX,https://steamusercontent-a.akamaihd.net/ugc/2068882429938837131/68A44FC4EE83B8F88C4BEAF8E71F22E55A21409B/,2024
17938,5652180880,12459,7408845,Execration,XctN,https://steamusercontent-a.akamaihd.net/ugc/1479947126466883706/805E24B193B5C67C2B505C8808AD7E56DA302273/,7732977,BOOM Esports,BOOM,https://steamusercontent-a.akamaihd.net/ugc/768365068750604173/EF3216F4B02A0DA2327AC3190A369349C7BF3A24/,2020
9696,5436315836,11999,7848119,NOVA,NOVA,https://steamusercontent-a.akamaihd.net/ugc/1752439086839908677/C76FBD251979907C67434EFA21D93288ACD63F03/,6409189,Team Empire Hope,EmpireH,https://steamusercontent-a.akamaihd.net/ugc/788624714192129581/94E7F21983B7BB2007C0273EB9A447386433DB36/,2020
8212,7092319074,15136,9017672,NoLimitsGaming,NLG,https://steamusercontent-a.akamaihd.net/ugc/2015962364022026828/0F38BAE7D98F76EDC33820453FEC20EDBD7E0842/,8686786,Ravens,Ravens,https://steamusercontent-a.akamaihd.net/ugc/1827904737028788458/3C13F25AEFBE885A67EE515D055CCE87B3CD4ECF/,2023
12880,5509676631,12170,5109000,ReckoninG Esports,R|G.,https://steamusercontent-a.akamaihd.net/ugc/1500215227032800017/3E0EB5B644703893F84361483F0EF894D2A10CF6/,7849151,CR,CR,,2020
5470,6512406793,14051,8260983,TSM,TSM,https://steamusercontent-a.akamaihd.net/ugc/1996813186806561034/BC39F0DC131EDC7D7D8A9DCE4933B4A8B0966004/,7819028,4 Zoomers,4Zs,https://steamusercontent-a.akamaihd.net/ugc/1602673819877727289/A7BCAD59945257F51E702AEB9CD376A2D186C8B1/,2022
111,7519940441,15901,9270745,Elite Eclipse,EE,https://steamusercontent-a.akamaihd.net/ugc/2307594539199380450/B6552232247E395A06E70B98FFE372954ED7A3C1/,9225431,TEIKO,,https://steamusercontent-a.akamaihd.net/ugc/2130824444498259213/3FF228A7F7409318EEC092C18C14AF690A009B35/,2024
16495,7234670117,15537,-1,<UNKNOWN>,<UNKNOWN>,<UNKNOWN>,-1,<UNKNOWN>,<UNKNOWN>,<UNKNOWN>,2023
23718,7376293521,15716,8629327,Sworn Die,Sd,https://steamusercontent-a.akamaihd.net/ugc/1893228189115135367/7B3DB4DB3D54C15F2647A719B02F0584344C7B55/,8629315,Wiser Warriors,WW,https://steamusercontent-a.akamaihd.net/ugc/1986681444713706353/0575A4710A74492DD73284E0218084E9EBD39C20/,2023
10717,6180559942,13442,8469455,DEEP RAVAGE,DR,https://steamusercontent-a.akamaihd.net/ugc/1707410463457648143/58CBD89C985483CDA068FA7A9CFDBA40A81FB245/,8526136,Hardcore Ninja,HN,https://steamusercontent-a.akamaihd.net/ugc/1699535210001789843/E98A37E3E707B5ED866213EDBF438C64CDF04FAA/,2021
17462,6769990115,14552,8604954,DogChamp,Dog,https://steamusercontent-a.akamaihd.net/ugc/1858313783662516620/B9EF259EF8A8EFC97D5F3FDF5D003087F2584029/,8205424,The Cut,TC,https://steamusercontent-a.akamaihd.net/ugc/1647718150508756948/90879B998647BD093E090BA3A03C501778A8BBFC/,2022
16224,5601499135,12245,1838315,Team Secret,Secret,https://steamcdn-a.akamaihd.net/apps/dota2/images/team_logos/1838315.png,2586976,OG,OG,https://steamcdn-a.akamaihd.net/apps/dota2/images/team_logos/2586976.png,2020
14663,7206224458,15257,8970060,Moonwalkers,MW,https://steamusercontent-a.akamaihd.net/ugc/2029468089264423859/85E899F41FAB04B80B2041B13237C4CA56BE48CF/,8957156,Silent killer,sK,https://steamusercontent-a.akamaihd.net/ugc/5085158533690852941/5CFD49C25A35151C036A8B2A05CD44D06CB73853/,2023
17781,5649129043,11382,7467638,Team Rockets,,https://steamusercontent-a.akamaihd.net/ugc/764974771702063556/BB17069ED4F65C064E7912C8AAA4EF67EB2F480D/,7819879,FIVE Brothers,,,2020
1636,6981832019,14659,8629315,Wiser Warriors,WW,https://steamusercontent-a.akamaihd.net/ugc/1986681444713706353/0575A4710A74492DD73284E0218084E9EBD39C20/,8629317,Bright Crusaders,Bc,https://steamusercontent-a.akamaihd.net/ugc/1898855551945525392/1DB70894416C865659F1417EC6330B6DE78470F9/,2023
14813,7208503084,15439,8255756,Evil Geniuses,EG,https://steamusercontent-a.akamaihd.net/ugc/1983302387907692940/BAA861E234E1BA39D75DF4CB814A5B76D020BED7/,7422789,9Pandas,9Pandas,https://steamusercontent-a.akamaihd.net/ugc/2051995054798077075/215B4406507A2E6FD64172231CB8771D35FC83B1/,2023
11732,7158289204,15109,8936507,FenixTeam,FT,https://steamusercontent-a.akamaihd.net/ugc/5063766435541618273/369B45B6067BA807581F7C454D69D02416456FD7/,9018528,Crew X,CrX,https://steamusercontent-a.akamaihd.net/ugc/2068882429938837131/68A44FC4EE83B8F88C4BEAF8E71F22E55A21409B/,2023
2559,7554006423,16140,5014799,Nemiga Gaming,Nemiga,https://steamusercontent-a.akamaihd.net/ugc/1761446291384253796/DDD9E9CE3AC50467578944F685C4BD84ED0285B7/,-1,<UNKNOWN>,<UNKNOWN>,<UNKNOWN>,2024
25635,7427202428,15899,9231328,INVADERS,INV,https://steamusercontent-a.akamaihd.net/ugc/2093670381028629268/E549FFF0ED2084E869F1C00ACBB4487F1B7BBD4D/,2672298,NoPing Esports,NOPING,https://steamcdn-a.akamaihd.net/apps/dota2/images/team_logos/2672298.png,2023
10757,7136935459,15109,8893840,Big Bang Gaming,BB,https://steamusercontent-a.akamaihd.net/ugc/2002446038663534808/B2F33387BA6420EF613A6A80085DA457BF81CA75/,8893837,Parallel eSports,PeS,https://steamusercontent-a.akamaihd.net/ugc/1999066441861408614/71D1E68ECD1B5567B1E56F93F8511DB66D829C93/,2023
4094,5304332868,11668,7405066,Vampire Gaming,,https://steamusercontent-a.akamaihd.net/ugc/777357465302429517/0FA9E415C120E60AB2270A76D5C3A8F49CCDE486/,7423567,Team Honor,,https://steamusercontent-a.akamaihd.net/ugc/768354632311582445/4F612E03D2D267403749C5935485337E5370E49D/,2020
3810,7573242905,16059,2443375,Foxy gaming,Foxy,https://steamusercontent-a.akamaihd.net/ugc/2289585333366985191/AC5A2097BEF04FD6D958B34C8A02A75C445ED58A/,8629324,Swift Knights,Sk,https://steamusercontent-a.akamaihd.net/ugc/2017088992310291098/09843295840179839F2FAF5870B9CBAC09E19911/,2024
2193,5839052971,12780,8261148,HOYO,hoYo,https://steamusercontent-a.akamaihd.net/ugc/1763690060402901225/9838CE8FD23024BFBA676201903B4531F93FD1C6/,7653080,Yangon Galacticos,YG,https://steamusercontent-a.akamaihd.net/ugc/1772699046724205365/4B26D0595EF6D331640462985C7C6E01E1BA63AD/,2021
16301,7231099152,15438,8574561,Azure Ray,AR,https://steamusercontent-a.akamaihd.net/ugc/2045244727500868803/26FF6DD1070476EAF1C69DD30B259FBB197F0256/,15,PSG.LGD,PSG.LGD,https://steamcdn-a.akamaihd.net/apps/dota2/images/team_logos/15.png,2023
2694,5857125042,12718,8310936,Wayfarers,Way,https://steamusercontent-a.akamaihd.net/ugc/1844811606349277848/9115EF5523F852C1EDA27BF1194658188AA197FA/,7542148, EXTREMUM,EXTREMUM,https://steamusercontent-a.akamaihd.net/ugc/1801978376718436575/990E8FF0A5725D641B2CF21C8DB9A38BA73B000A/,2021
13114,7182042141,15026,8629324,Swift Knights,Sk,https://steamusercontent-a.akamaihd.net/ugc/2017088992310291098/09843295840179839F2FAF5870B9CBAC09E19911/,8629315,Wiser Warriors,WW,https://steamusercontent-a.akamaihd.net/ugc/1986681444713706353/0575A4710A74492DD73284E0218084E9EBD39C20/,2023
2888,7558226460,16140,9018664,Team Bright,,https://steamusercontent-a.akamaihd.net/ugc/2008081064641074125/98465178D23A5C307E6AA8CE298B17CEBB16B979/,8574561,Azure Ray,AR,https://steamusercontent-a.akamaihd.net/ugc/2298587339939886506/26FF6DD1070476EAF1C69DD30B259FBB197F0256/,2024
14477,7203092819,15352,8687717,Ancient Tribe,ATT,https://steamusercontent-a.akamaihd.net/ugc/1991184321454001998/07A293B6565085107C7A440115D66892AA2006FC/,8318683,IVY,IVY,https://steamusercontent-a.akamaihd.net/ugc/1831282128719142345/16D8DF72EE1A32D55674948D8C8F949168AA5A5C/,2023
6580,5371261207,11249,7358551,Sunrise,,https://steamusercontent-a.akamaihd.net/ugc/775103976193271931/250ADBD10EC520F89708F9B0F14365BA9ADB4696/,7852001,Future.club,Future,https://steamusercontent-a.akamaihd.net/ugc/1003682127343971469/DA439DA4A4F28222741AF9F5F7D95572B0D53A6A/,2020
11164,5469696507,11382,7314697,FIVE BROTHERS,,https://steamusercontent-a.akamaihd.net/ugc/784109274570738255/D29EA97D68AB0117CE3C3CB8A160D02E458E6D68/,7610605,Hot Pot Brother,,https://steamusercontent-a.akamaihd.net/ugc/772863466038607762/5BFA6567C06ADC9EEEACEE9047145C2A9F3AB5AF/,2020
5173,5969786469,13059,8254195,Demon Slayer,Demon,https://steamusercontent-a.akamaihd.net/ugc/1723164054973429529/947672BFF04626FF0A7A213A600BE581D916C166/,8309640,Dream Maker,DM,https://steamusercontent-a.akamaihd.net/ugc/1763692089618143497/8A50B3C5516EAB180E2F8A3FC557EC4C3406986A/,2021
6231,7625984920,16233,7913999,Midas Club,Midas,https://steamusercontent-a.akamaihd.net/ugc/1023949891346003477/5818E876A49B28A109554B22D000935324B6FBFA/,9062430,Team Silk,[S],https://steamusercontent-a.akamaihd.net/ugc/2307596441979615498/4D75B4959F7F5E64AD9BCD8C284DF76DDC23EC25/,2024
3885,7016597595,14915,8829924,Rabbits of Revenge,RoR,https://steamusercontent-a.akamaihd.net/ugc/1797522561529266178/C451F5F544B99C6AEBC05E004237F7A98253AA79/,8765917,Shinigami Gaming,Shin,https://steamusercontent-a.akamaihd.net/ugc/1972044503159625141/9FC4E10AC898DD9E3E77A40211558273D498CFC8/,2023
54,5773364672,12717,8111414,Sports.ru,Sports,https://steamusercontent-a.akamaihd.net/ugc/1586911035694669268/8799B05E69CDDE30E693C78668776D4094F43D3F/,8262038,ghouls,ghouls,https://steamusercontent-a.akamaihd.net/ugc/1670239381911413121/A525FDED74DF29551FCCAA3242DCCA5BB5017F1C/,2021
29527,7508104969,16011,9247646,Team trust,Trust,https://steamusercontent-a.akamaihd.net/ugc/2215268843448084476/69A6100E542108AE14E50A547A0E0A79C279A6A7/,7653080,Yangon Galacticos,YG,https://steamusercontent-a.akamaihd.net/ugc/1772699046724205365/4B26D0595EF6D331640462985C7C6E01E1BA63AD/,2023
13613,5532619499,12170,7731123,team black,black,https://steamusercontent-a.akamaihd.net/ugc/1473191403684400058/57341E431D63121019CDE5487079C89A3652B47F/,7937261,Monkey2,,https://steamusercontent-a.akamaihd.net/ugc/1679241899327735038/A629AA9E790DA12A10356D936D1C20D4AE146579/,2020
8281,7093412474,15227,8970053,Fuzanglong,Fuz,https://steamusercontent-a.akamaihd.net/ugc/1993436844756195298/F7E9A5CC8004B48ECE89BB4675BAB192D386D68A/,8970102,Amanita ,Amanita ,https://steamusercontent-a.akamaihd.net/ugc/2054237887215626526/9E66388BF5F0063A20A119ED0F127C678B16BCC1/,2023
9686,6608905402,14284,-1,<UNKNOWN>,<UNKNOWN>,<UNKNOWN>,-1,<UNKNOWN>,<UNKNOWN>,<UNKNOWN>,2022
15762,6713914312,14373,8629324,Swift Knights,Sk,https://steamusercontent-a.akamaihd.net/ugc/2017088992310291098/09843295840179839F2FAF5870B9CBAC09E19911/,8629005,Flawless Goblins,Fg,https://steamusercontent-a.akamaihd.net/ugc/1972044023037974203/AFD57B5B64B1E42F199DC861D81052FD991943EC/,2022
2162,5836902768,12705,6738815,Cignal Ultra,Cignal,https://steamusercontent-a.akamaihd.net/ugc/1649964989855275176/65E8E2799787201DB9BB4DE498EFC7888E31F2C8/,8222896,Ωmega Esports,Ωmega,https://steamusercontent-a.akamaihd.net/ugc/1654473660511952911/45F457A3B3BFF883FF533FC1B1BD8D369ACC5D45/,2021
8842,7102192368,14659,8629014,Dragon Blood,DB,https://steamusercontent-a.akamaihd.net/ugc/2036224122590251530/1CF2060AE5A404AEF691C3180FF9CB522056149A/,8629315,Wiser Warriors,WW,https://steamusercontent-a.akamaihd.net/ugc/1986681444713706353/0575A4710A74492DD73284E0218084E9EBD39C20/,2023
14070,5544256480,12184,111474,Alliance,Alliance,https://steamcdn-a.akamaihd.net/apps/dota2/images/team_logos/111474.png,7554697,Nigma Galaxy,NGX,https://steamusercontent-a.akamaihd.net/ugc/1827894588975105240/421C0D8318D71D5DD31FD08A7933AB622AE26590/,2020
7079,7640551281,15889,6571014,BadLama,BadLama,https://steamusercontent-a.akamaihd.net/ugc/952973332488193504/AEF3915A2C631F33EF66261943B45A54CF327103/,9285975,Empyrean Esports,EE,https://steamusercontent-a.akamaihd.net/ugc/2268193115299272759/B8312FC9B6E6DBF0B5DDFC72D909AC685C71A8FC/,2024
2918,5865313674,12881,8254145,Execration,XctN,https://steamusercontent-a.akamaihd.net/ugc/2024966396057134788/4EE29568BB91ECB5E77FC61824B6264789485060/,8261554,Army Geniuses Mansion ,AGM,https://steamusercontent-a.akamaihd.net/ugc/2036229291620856332/487BA4B704ADCA08C99B4F67E0DF5EF3D2F4DFD1/,2021
4078,7019676839,14915,8970616,UA Rejects,Rejects,https://steamusercontent-a.akamaihd.net/ugc/2019335623986113619/93F81E04DBDB997BD06D7297A49FEE9975348308/,8660854,Shinigami,Shin,https://steamusercontent-a.akamaihd.net/ugc/1817766658931187742/65D241B74AB4FA25F27F41D6494B591525F6B953/,2023
14523,6688827166,14438,8300813,Reaper.Hashtag,RH,https://steamusercontent-a.akamaihd.net/ugc/1817759587116500858/1B4DD1A18BBBD48BA6043FCBBE0648E3BB72D747/,8756469,Team Balut,TB,https://steamusercontent-a.akamaihd.net/ugc/1870697260272540333/97AB65886C820B03B7915C8E7E3341930C70EB80/,2022
21041,5726562849,12531,8048279,Egoboys,EGO,https://steamusercontent-a.akamaihd.net/ugc/1282912715388467447/4049258DD58AFA5FB7608E7DC8AC6B08BA920F15/,6382242,Thunder Predator,ThunderP,https://steamusercontent-a.akamaihd.net/ugc/771721592096213701/FB6F45207F9BF03F6D94C1C515DACD45A9C33411/,2020
19867,5698957494,12548,5014799,Nemiga Gaming,Nemiga,https://steamusercontent-a.akamaihd.net/ugc/1761446291384253796/DDD9E9CE3AC50467578944F685C4BD84ED0285B7/,7118032,Winstrike Team,Winstrike,https://steamusercontent-a.akamaihd.net/ugc/789748832053588401/447AE24D04DB1E105B26197B8716D702A740F310/,2020
10506,6174108438,13478,8261554,Army Geniuses Mansion ,AGM,https://steamusercontent-a.akamaihd.net/ugc/2036229291620856332/487BA4B704ADCA08C99B4F67E0DF5EF3D2F4DFD1/,8244493,Team SMG,SMG,https://steamusercontent-a.akamaihd.net/ugc/1856049226625971775/C8540DF2478E5EE8890CD4128DE07176F9FE5FA2/,2021
18388,7264434544,14915,9005165,Star Foxes,SF,https://steamusercontent-a.akamaihd.net/ugc/2027220095511607538/A6FA8DDA68296D4ED65754301F2C0AEC812321F7/,9087006,Blue lock,lck,https://steamusercontent-a.akamaihd.net/ugc/2050871934178421468/0FB543017BDA604F2266A4F6768F2EBF38DB4603/,2023
5857,7049940186,14894,8893840,Big Bang Gaming,BB,https://steamusercontent-a.akamaihd.net/ugc/2002446038663534808/B2F33387BA6420EF613A6A80085DA457BF81CA75/,8893825,Lucky Bulldogs,LB,https://steamusercontent-a.akamaihd.net/ugc/1889850616449450203/5A5F024213E96EFED441218F3DBE395B9C10308C/,2023
18177,7261209639,15026,8629317,Bright Crusaders,Bc,https://steamusercontent-a.akamaihd.net/ugc/1898855551945525392/1DB70894416C865659F1417EC6330B6DE78470F9/,8629014,Dragon Blood,DB,https://steamusercontent-a.akamaihd.net/ugc/2036224122590251530/1CF2060AE5A404AEF691C3180FF9CB522056149A/,2023
15213,5571703200,11249,7868515,Team Venture,,https://steamusercontent-a.akamaihd.net/ugc/1021696642367698486/B01601B8E9E47E0C01188A92F89768AE25D039F0/,7358551,Sunrise,,https://steamusercontent-a.akamaihd.net/ugc/775103976193271931/250ADBD10EC520F89708F9B0F14365BA9ADB4696/,2020
1954,5827433967,12720,8261818,Hellbear Smashers,SMASH,https://steamusercontent-a.akamaihd.net/ugc/1745679796967643438/92B0E956ED01D24C679FECED3D23D01EAB1C3048/,8112124,Brame,BR,https://steamusercontent-a.akamaihd.net/ugc/1535122449444925400/4FF8F5867A8D86DF5700A8BDAD237A457B52E97B/,2021
9449,7679318479,16483,2586976,OG,OG,https://steamcdn-a.akamaihd.net/apps/dota2/images/team_logos/2586976.png,9303484,Heroic,Heroic,https://steamusercontent-a.akamaihd.net/ugc/2471984170520125054/B066431AF4D322D300DD5180CEC8F6BA0E85A7F5/,2024
18263,5661458750,11249,7217630,WOLF,,https://steamusercontent-a.akamaihd.net/ugc/784113713635274453/EE8E842C91583E41D98AD91CBCA186D93EC63C40/,7868515,Team Venture,,https://steamusercontent-a.akamaihd.net/ugc/1021696642367698486/B01601B8E9E47E0C01188A92F89768AE25D039F0/,2020
15965,5591628262,11263,7405690,TEAM Ethereal,,https://steamusercontent-a.akamaihd.net/ugc/768350266083794010/7E85EF8FC51C6F11731AC5CEB988EF3E98CE25DB/,7850085,Team Cobra,,https://steamusercontent-a.akamaihd.net/ugc/1010437351815873768/D4A08520175D08E969762EBBFCB62B362C4C156F/,2020
13095,6265299791,13379,8261234,CREEPWAVE,CREEP,https://steamusercontent-a.akamaihd.net/ugc/1681517831574098379/EDF37F1B1A2A8684DC959A8D0880B70FA6F8C5D2/,8496581,KHAN,KHAN,https://steamusercontent-a.akamaihd.net/ugc/1707413453534756145/C392135CD816B2DEE665F21649BE5027D48E1FFB/,2021
4510,5316493977,11668,6143582,Vampire Gaming,Vampire,https://steamusercontent-a.akamaihd.net/ugc/799863629054331470/0FA9E415C120E60AB2270A76D5C3A8F49CCDE486/,7355343,Immortal Gaming,,https://steamusercontent-a.akamaihd.net/ugc/782984638949525955/82A30CCEFCB057D7A467D280DA49FE0289CE19BA/,2020
182,5186327890,11155,7423567,Team Honor,,https://steamusercontent-a.akamaihd.net/ugc/768354632311582445/4F612E03D2D267403749C5935485337E5370E49D/,7405066,Vampire Gaming,,https://steamusercontent-a.akamaihd.net/ugc/777357465302429517/0FA9E415C120E60AB2270A76D5C3A8F49CCDE486/,2020
14381,6685749437,14323,8750069,Gorilla,,https://steamusercontent-a.akamaihd.net/ugc/1869570008605866150/1470830050EE0578A875D814A678A5B2FEC01162/,8750643,Mist Walker,,https://steamusercontent-a.akamaihd.net/ugc/1861688906831838454/70CD81B87787CF7314DBAE3EF095AE41645DECE0/,2022
15067,6304884082,13747,8261197,Motivate.Trust Gaming,MTG,https://steamusercontent-a.akamaihd.net/ugc/1645469340561110781/B06D31242313DAE0D2DC34D64ED41BE7A80DFF0A/,2108395,TNC Predator,TNC,https://steamcdn-a.akamaihd.net/apps/dota2/images/team_logos/2108395.png,2021
13740,5536699615,12230,8068655,you don't know us ,,https://steamusercontent-a.akamaihd.net/ugc/1457428968680054259/56E1E4A050EEB166A7B820C8B3C0488F7FA4F6A6/,7375887,TheMelDota2,TMD,https://steamusercontent-a.akamaihd.net/ugc/1465310230251409708/24134A1D82BD8C7D6289E1289315C0F1D2746DBB/,2020
15032,7211905828,15109,8961813,SHAOLIN,SHN,https://steamusercontent-a.akamaihd.net/ugc/5097543432692536332/C3EA7D411BF1527BD6E77CB50C7BCBFD971F73B9/,9018528,Crew X,CrX,https://steamusercontent-a.akamaihd.net/ugc/2068882429938837131/68A44FC4EE83B8F88C4BEAF8E71F22E55A21409B/,2023
639,5778607034,12721,6738815,Cignal Ultra,Cignal,https://steamusercontent-a.akamaihd.net/ugc/1649964989855275176/65E8E2799787201DB9BB4DE498EFC7888E31F2C8/,7996429,Team Veteran,Veteran,https://steamusercontent-a.akamaihd.net/ugc/1008189694573252729/BC671C5E40512907751CD8CBE41F9E99DDE2C19C/,2021
7033,6549473027,14192,8572181,UD VESSUWAN,UDV,https://steamusercontent-a.akamaihd.net/ugc/5084032633793520363/C7E45087AE899E96E7217B956B136CFE2EEFC8B6/,8168128,UD VESSUWAN,UDV,https://steamusercontent-a.akamaihd.net/ugc/1867311233773898162/D794290E044E716F386EBD09C5BEF85398017FEE/,2022
12324,6649602274,14105,8629324,Swift Knights,Sk,https://steamusercontent-a.akamaihd.net/ugc/2017088992310291098/09843295840179839F2FAF5870B9CBAC09E19911/,8629014,Dragon Blood,DB,https://steamusercontent-a.akamaihd.net/ugc/2036224122590251530/1CF2060AE5A404AEF691C3180FF9CB522056149A/,2022
1510,6407713899,13379,8588969,HYDRA,HYDRA,https://steamusercontent-a.akamaihd.net/ugc/1977673132002351940/A9227AFA6C2DD7F9A1A8E0F5C4278579DB10833F/,8616073,No Sorry,NS,https://steamusercontent-a.akamaihd.net/ugc/2026096911688401555/615A583AB8989FE726873DFC0F275A92DC4F50A5/,2022
4280,7023420295,14887,8740097,Mad Kings Esports,MK,https://steamusercontent-a.akamaihd.net/ugc/1841423145079450083/4209E25BD49DA5449EC30B6279E4F14B4FCA437E/,8702318,Qhali,Qhali,https://steamusercontent-a.akamaihd.net/ugc/1745728629072594666/C19B7A8A8F6454EBD023F3652BE5E51FF970D373/,2023
2107,5242305487,11439,7009107,ReRise,RR,https://steamusercontent-a.akamaihd.net/ugc/787499023182134415/1E03BF27B68C30D3F96C94FBF00B368EEB1576F8/,7612503,OveR-PoweR Contact,OPC,https://steamusercontent-a.akamaihd.net/ugc/792006571121456796/714BC02ACBB0AA5261A4E743C14BEB785A253E84/,2020
8940,7669470540,16312,9332046,Dominatrix,DMX,https://steamusercontent-a.akamaihd.net/ugc/2443836672845546041/27EA9658B4E3579D43DBA49A38530A3D26F2AB84/,9332069,Mister Maniacs,MM,https://steamusercontent-a.akamaihd.net/ugc/2508011791700199350/FC1DC14A21F3B99692E7057A7246290AEBB7DE51/,2024
5902,7619033614,16274,-1,<UNKNOWN>,<UNKNOWN>,<UNKNOWN>,9366216,Voditeli_po_gubam,VPG,https://steamusercontent-a.akamaihd.net/ugc/2441584873051335936/B2F755A029695D293475B2EE71AF68EBA8A8C0E2/,2024
307,5775171539,12726,8262728,Blood Thirst,BDT,https://steamusercontent-a.akamaihd.net/ugc/1662358177274320643/0503C0D0DE7147C981716E29C1888F9829789CF0/,7385378,DARK WOLVES♦♣,DW,https://steamusercontent-a.akamaihd.net/ugc/788615407622122972/11163DF408391BE24923FEBE40E4DFC5FC14B8DD/,2021
9975,5441772413,12099,7999550,One Dream,Pzt,,7999547,2121,,https://steamusercontent-a.akamaihd.net/ugc/1045344861646343632/6B93359C54C9791CA74DBD72637F9878C751EDFD/,2020
13132,7182232590,15374,7732977,BOOM Esports,BOOM,https://steamusercontent-a.akamaihd.net/ugc/768365068750604173/EF3216F4B02A0DA2327AC3190A369349C7BF3A24/,8244493,Team SMG,SMG,https://steamusercontent-a.akamaihd.net/ugc/1856049226625971775/C8540DF2478E5EE8890CD4128DE07176F9FE5FA2/,2023
8894,7102828792,14915,8935989,Yonko,YnK,https://steamusercontent-a.akamaihd.net/ugc/5093039833053315608/8F374252F8A398084001A7C36565A3A1F92A303A/,8607589,EYE-gaming,EYE,https://steamusercontent-a.akamaihd.net/ugc/1880842325021944166/AD594D1C59AB23CF8AFD155209D477A382698B1A/,2023
11422,6201980745,13379,8261234,CREEPWAVE,CREEP,https://steamusercontent-a.akamaihd.net/ugc/1681517831574098379/EDF37F1B1A2A8684DC959A8D0880B70FA6F8C5D2/,8261774,V-Gaming,V,https://steamusercontent-a.akamaihd.net/ugc/1699530468133422483/88FB30CF0880687F9BB0429E3C7B59CF673DC700/,2021
21270,7322293802,15674,9109307,Ryoki Tenkai ,RT,https://steamusercontent-a.akamaihd.net/ugc/2058754800403828449/E0BB11415EAD10BC4C6F4832DCD2B78B48E65343/,9109275,PullUp,PullUp,https://steamusercontent-a.akamaihd.net/ugc/2024977803198375738/87AADF71E08A8BA61763A0DEAFF49DDA76D517A5/,2023
13876,5540314298,12184,7554697,Nigma Galaxy,NGX,https://steamusercontent-a.akamaihd.net/ugc/1827894588975105240/421C0D8318D71D5DD31FD08A7933AB622AE26590/,2586976,OG,OG,https://steamcdn-a.akamaihd.net/apps/dota2/images/team_logos/2586976.png,2020
1234,6975232702,14886,8375259,Acatsuki,acAt,https://steamusercontent-a.akamaihd.net/ugc/2013724600525398840/1B4F583D1249CFFB9B9A0DCA6F13FBC5A77CC213/,7391077,Thunder Awaken,THUNDER,https://steamusercontent-a.akamaihd.net/ugc/1934884345503908192/2029F54E8FA42B272E147954D38B199402B3589E/,2023
16470,6729940291,14469,8736661,Xerxia,Xerxia,https://steamusercontent-a.akamaihd.net/ugc/1899975198387120959/F3281DD8CF9289232B5D5E73E14662AC465E4F8A/,8525778,Polaris Esports,Polaris,https://steamusercontent-a.akamaihd.net/ugc/1831290045925630948/400C4E5FD779D964D9BEC5E44D414073ADC03790/,2022
7037,6549543713,14192,8168128,UD VESSUWAN,UDV,https://steamusercontent-a.akamaihd.net/ugc/1867311233773898162/D794290E044E716F386EBD09C5BEF85398017FEE/,8572181,UD VESSUWAN,UDV,https://steamusercontent-a.akamaihd.net/ugc/5084032633793520363/C7E45087AE899E96E7217B956B136CFE2EEFC8B6/,2022
16031,7826833539,16312,9330489,ThunderLab,TL,https://steamusercontent-a.akamaihd.net/ugc/2377407244595660701/846E8D7A392F7933FE768774A2A8C7C2787BE388/,8893840,Big Bang Gaming,BB,https://steamusercontent-a.akamaihd.net/ugc/2019352804996053730/B2F33387BA6420EF613A6A80085DA457BF81CA75/,2024
27214,8044027509,17366,9586420,KIBA ARMS,KIBA,https://steamusercontent-a.akamaihd.net/ugc/2452865428987917753/782E74D6A8E46FC8D2B0F96490344A50BEF647B9/,9492830,Prodigy of God,POG,https://steamusercontent-a.akamaihd.net/ugc/2380804214100888910/5DA451CF76631085979DCD2E3E1BCE4EA7787A35/,2024
17973,7870557513,15901,9492830,Prodigy of god,POG,https://steamusercontent-a.akamaihd.net/ugc/2500144980933609854/ABAFF8B8AF274B92478B3692DD1C753CCF51CBD4/,9270745,Elite Eclipse,EE,https://steamusercontent-a.akamaihd.net/ugc/2307594539199380450/B6552232247E395A06E70B98FFE372954ED7A3C1/,2024
12069,7743128107,16669,2163,Team Liquid,Liquid,https://steamcdn-a.akamaihd.net/apps/dota2/images/team_logos/2163.png,5,G2 x iG,IG,https://steamcdn-a.akamaihd.net/apps/dota2/images/team_logos/5.png,2024
22949,7964765287,16933,9537937,SKYLINE,SKY,https://steamusercontent-a.akamaihd.net/ugc/2481009755937760528/1E5262761A3044EE82EBCC8C9AF6C90E6643A067/,-1,<UNKNOWN>,<UNKNOWN>,<UNKNOWN>,2024
14138,7790257761,16743,9338413,MOUZ,MOUZ,https://steamusercontent-a.akamaihd.net/ugc/2453977469313883353/584A9278F4834E081204E826BBF8A00FFAAD3F99/,9303383,L1GA TEAM,L1,https://steamusercontent-a.akamaihd.net/ugc/2303094838073172312/3AA5DCFA7A58E0635C737F08E1A7B613B1DCCB37/,2024
19856,7907448431,16059,9425660,Shadow Avengers,SAS,https://steamusercontent-a.akamaihd.net/ugc/2464108573202955954/C8A072AC6C8364B0FBAF92885C3A552836315CFC/,2443375,Foxy gaming,Foxy,https://steamusercontent-a.akamaihd.net/ugc/2289585333366985191/AC5A2097BEF04FD6D958B34C8A02A75C445ED58A/,2024
28540,8075262198,17509,7119388,Team Spirit,TSpirit,https://steamusercontent-a.akamaihd.net/ugc/1839179120711951766/CD7E0885CB527334205CC7885E9C101B7BC17702/,9498970,AVULUS,AVULUS,https://steamusercontent-a.akamaihd.net/ugc/2484388089175887648/AD2555E0F8E1783B66E6A3F88D0D3481E11BDE2A/,2024
27576,8052012477,17425,9255039,1w Team,1w,https://steamusercontent-a.akamaihd.net/ugc/2385306361427679719/DCD7C12478E276346140846AB8EB0B5759351744/,9498970,AVULUS,AVULUS,https://steamusercontent-a.akamaihd.net/ugc/2484388089175887648/AD2555E0F8E1783B66E6A3F88D0D3481E11BDE2A/,2024
25528,8014829806,17272,7119388,Team Spirit,TSpirit,https://steamusercontent-a.akamaihd.net/ugc/1839179120711951766/CD7E0885CB527334205CC7885E9C101B7BC17702/,2163,Team Liquid,Liquid,https://steamcdn-a.akamaihd.net/apps/dota2/images/team_logos/2163.png,2024
25471,8013585320,17233,8629014,Dragon Blood,DB,https://steamusercontent-a.akamaihd.net/ugc/2036224122590251530/1CF2060AE5A404AEF691C3180FF9CB522056149A/,8629324,Swift Knights,Sk,https://steamusercontent-a.akamaihd.net/ugc/2446107492346973561/03C1A606587B371C139805153F66CD7367C6E837/,2024
24542,7995384112,17126,7119388,Team Spirit,TSpirit,https://steamusercontent-a.akamaihd.net/ugc/1839179120711951766/CD7E0885CB527334205CC7885E9C101B7BC17702/,9247354,Team Falcons,FLCN,https://steamusercontent-a.akamaihd.net/ugc/2314350571781870059/2B5C9FE9BA0A2DC303A13261444532AA08352843/,2024
11422,7728979082,15901,9381131,Uzumaki,uzu,https://steamusercontent-a.akamaihd.net/ugc/2466356199630889718/46DF71E78D3B769867F51200FB60F6C692EFFF28/,9395679,Shinigami Gaming,Shinigami,https://steamusercontent-a.akamaihd.net/ugc/2499008933815848006/6204E1A0315057E9F227EDBCD42DB8F193B593AF/,2024
29670,8096289704,17233,8629014,Dragon Blood,DB,https://steamusercontent-a.akamaihd.net/ugc/2036224122590251530/1CF2060AE5A404AEF691C3180FF9CB522056149A/,2443375,Foxy gaming,Foxy,https://steamusercontent-a.akamaihd.net/ugc/2289585333366985191/AC5A2097BEF04FD6D958B34C8A02A75C445ED58A/,2024
15651,7818968527,16427,8605863,Entity,Entity,https://steamusercontent-a.akamaihd.net/ugc/2079029969559624942/E3DF187AB0BAC034E1027B99C843FF6BE279BE8A/,8254400,beastcoast,bc,https://steamusercontent-a.akamaihd.net/ugc/2008072595679478968/A080A63C70A5DEA039FBC1AE798EE2570E194606/,2024
10409,7702652392,16518,2586976,OG,OG,https://steamcdn-a.akamaihd.net/apps/dota2/images/team_logos/2586976.png,7119388,Team Spirit,TSpirit,https://steamusercontent-a.akamaihd.net/ugc/1839179120711951766/CD7E0885CB527334205CC7885E9C101B7BC17702/,2024
28591,8075834445,17233,8629317,Bright Crusaders,Bc,https://steamusercontent-a.akamaihd.net/ugc/2274947340409011428/1DB70894416C865659F1417EC6330B6DE78470F9/,8629315,Wiser Warriors,WW,https://steamusercontent-a.akamaihd.net/ugc/2477632689738982294/52F73BED281DF75257007811CA9CDF5144CB2B1F/,2024
18193,7873841233,16059,8629005,Flawless Goblins,Fg,https://steamusercontent-a.akamaihd.net/ugc/1972044023037974203/AFD57B5B64B1E42F199DC861D81052FD991943EC/,8629014,Dragon Blood,DB,https://steamusercontent-a.akamaihd.net/ugc/2036224122590251530/1CF2060AE5A404AEF691C3180FF9CB522056149A/,2024
12846,7763489576,15899,8697185,Fantasy Gaming,FSY,https://steamusercontent-a.akamaihd.net/ugc/1814393308114867522/59563CB473C950901D12EAAF91F1375395442B75/,7913999,Midas Club,Midas,https://steamusercontent-a.akamaihd.net/ugc/1023949891346003477/5818E876A49B28A109554B22D000935324B6FBFA/,2024
21314,7936329587,16312,9330493,RuleBreakers,RB,https://steamusercontent-a.akamaihd.net/ugc/2499004593285468560/01903AB32A1A1ABA9E501DEFB8744F3328F39D52/,9332046,Dominatrix,DMX,https://steamusercontent-a.akamaihd.net/ugc/2443836672845546041/27EA9658B4E3579D43DBA49A38530A3D26F2AB84/,2024
22609,7960559891,17135,9449748,DMS,DMS,https://steamusercontent-a.akamaihd.net/ugc/2455104631629284478/B74AA7BD9C3BFAF7FABE05E2833719A5D9A3A386/,-1,<UNKNOWN>,<UNKNOWN>,<UNKNOWN>,2024
14365,7794593750,15899,8375259,Infinity,Infinity,https://steamusercontent-a.akamaihd.net/ugc/2270441745021468359/0B29AFE6D9B224CB4EDB33A07AAC0D3FD19A00A6/,9381358,Estar Backs!,EBs,https://steamusercontent-a.akamaihd.net/ugc/2457349368893624182/0940BE82E218C71369C672C95943445AA450EF45/,2024
12688,7759711207,15901,9209880,Prodigy Of God,POG,https://steamusercontent-a.akamaihd.net/ugc/2502382832092927234/D8CB3937C90008630491BBAFE364224C191A4573/,9397016,Elite Eclips,ElEc,https://steamusercontent-a.akamaihd.net/ugc/5841806006844383726/B978A72E73E3091CDF6289034DA5A11024859C4D/,2024
25325,8010855754,17233,9425656,LSG,LSG,https://steamusercontent-a.akamaihd.net/ugc/2497885570409092010/7A0CAB8AFDEC8BDE65F27E01C713A6B5459B65AD/,8629014,Dragon Blood,DB,https://steamusercontent-a.akamaihd.net/ugc/2036224122590251530/1CF2060AE5A404AEF691C3180FF9CB522056149A/,2024
13750,7780258058,16059,8629324,Swift Knights,Sk,https://steamusercontent-a.akamaihd.net/ugc/2518145430787227449/09843295840179839F2FAF5870B9CBAC09E19911/,2443375,Foxy gaming,Foxy,https://steamusercontent-a.akamaihd.net/ugc/2289585333366985191/AC5A2097BEF04FD6D958B34C8A02A75C445ED58A/,2024
17375,7855357907,15901,9466524,Elite Eclipse,EE,https://steamusercontent-a.akamaihd.net/ugc/2466364897897467068/8DE99E9FEB3212DA4970EACF23AD9BFBE939BD45/,9476660,Prodigy of God,,https://steamusercontent-a.akamaihd.net/ugc/2510276327850889260/ABAFF8B8AF274B92478B3692DD1C753CCF51CBD4/,2024
15710,7819865422,16706,8367062,Pacific ,Pacific ,https://steamusercontent-a.akamaihd.net/ugc/2421319307290243710/2D572643B2BDCCFDA346E9AB51833351BF8CE35E/,8737621,Lava Esports ,Lava,https://steamusercontent-a.akamaihd.net/ugc/2020458443820677798/6DBE7E16C897F641DC4BA91F1F04D784905F72B5/,2024
14716,7802293771,16312,9332069,Mister Maniacs,MM,https://steamusercontent-a.akamaihd.net/ugc/2508011791700199350/FC1DC14A21F3B99692E7057A7246290AEBB7DE51/,9330493,RuleBreakers,RB,https://steamusercontent-a.akamaihd.net/ugc/2499004593285468560/01903AB32A1A1ABA9E501DEFB8744F3328F39D52/,2024
19811,7906833844,16059,9426115,Dark Rebellion,DR,https://steamusercontent-a.akamaihd.net/ugc/2471989872563605684/46813E19616E0715D879EFB5049D3A1DE331488B/,8629005,Flawless Goblins,Fg,https://steamusercontent-a.akamaihd.net/ugc/1972044023037974203/AFD57B5B64B1E42F199DC861D81052FD991943EC/,2024
13661,7778435060,16312,9018543,Hustlers,HS,https://steamusercontent-a.akamaihd.net/ugc/2058751629901384188/15926442CAF0374AEC6BC0749DF4781D081E3C1A/,9332069,Mister Maniacs,MM,https://steamusercontent-a.akamaihd.net/ugc/2508011791700199350/FC1DC14A21F3B99692E7057A7246290AEBB7DE51/,2024
11627,7734054439,16274,9401739,team feed,,https://steamusercontent-a.akamaihd.net/ugc/2499012826591626289/B156B13F70FEDA074EF5F490B322D5974510A0FA/,-1,<UNKNOWN>,<UNKNOWN>,<UNKNOWN>,2024
17186,7850237434,16059,9426115,Dark Rebellion,DR,https://steamusercontent-a.akamaihd.net/ugc/2471989872563605684/46813E19616E0715D879EFB5049D3A1DE331488B/,8629317,Bright Crusaders,Bc,https://steamusercontent-a.akamaihd.net/ugc/2274947340409011428/1DB70894416C865659F1417EC6330B6DE78470F9/,2024
25990,8025500656,16251,6165106,P2P BOGI,,https://steamusercontent-a.akamaihd.net/ugc/2449488365153967410/7E306584EF84A6046365953B50C830FF131D14C6/,7777322,Oshi hi teo Gaming,OG,https://steamusercontent-a.akamaihd.net/ugc/2414585468072995364/7348FC3634F8961C2908E8C465750B3AC0D78BDB/,2024
21094,7931510061,16059,8629315,Wiser Warriors,WW,https://steamusercontent-a.akamaihd.net/ugc/1986681444713706353/0575A4710A74492DD73284E0218084E9EBD39C20/,8629318,Mad Monkeys,Mm,https://steamusercontent-a.akamaihd.net/ugc/2508018112053409972/A10316EBD20ECE720470ED4A5D07B3C6DDDC693A/,2024
15919,7824907483,16878,9466547,KingMakers,KM,https://steamusercontent-a.akamaihd.net/ugc/2553059914893668199/F8C89DD188B071DF7CE3282D7E3615F1BB5F0B8B/,9466548,Dynasty Dragons,DD,https://steamusercontent-a.akamaihd.net/ugc/2553059914889643528/FAB8F056D7595AACFC9FC0FC730B976A57AC94E5/,2024
22225,7957085862,17122,9381678,Apex Genesis,Apex,https://steamusercontent-a.akamaihd.net/ugc/2441586999439290451/0F48C94C7A1F1E5FCB4A339E23F52CBEE97D8024/,9545759,Waska,Waska,https://steamusercontent-a.akamaihd.net/ugc/2492268755024477919/F2376446D05157B080B5D506473EE2F1D43097BF/,2024
13227,7769566080,16740,9303665,NextUp,NXTU,https://steamusercontent-a.akamaihd.net/ugc/2461853153297201611/C52B99377AAF023282EB555ADE0E097EF3D690E9/,5014799,Nemiga Gaming,Nemiga,https://steamusercontent-a.akamaihd.net/ugc/1761446291384253796/DDD9E9CE3AC50467578944F685C4BD84ED0285B7/,2024
14668,7801278831,16059,8629005,Flawless Goblins,Fg,https://steamusercontent-a.akamaihd.net/ugc/1972044023037974203/AFD57B5B64B1E42F199DC861D81052FD991943EC/,9426115,Dark Rebellion,DR,https://steamusercontent-a.akamaihd.net/ugc/2471989872563605684/46813E19616E0715D879EFB5049D3A1DE331488B/,2024
22741,7961850831,16710,9373270,Night Pulse,NP,https://steamusercontent-a.akamaihd.net/ugc/2479883856029444185/44A2207BF5B75CADD5B02860CC3D78333E4E1E76/,9498970,AVULUS,AVULUS,https://steamusercontent-a.akamaihd.net/ugc/2484388089175887648/AD2555E0F8E1783B66E6A3F88D0D3481E11BDE2A/,2024
24203,7988838393,16313,9332059,Ninja Bros,N,https://steamusercontent-a.akamaihd.net/ugc/2490006266229881150/FC90CF44B6F55976119A8FD30C519F435E6D2270/,8893825,Lucky Bulldogs,LB,https://steamusercontent-a.akamaihd.net/ugc/2001335808621483127/5A5F024213E96EFED441218F3DBE395B9C10308C/,2024
16622,7838674364,16635,8936613,Wild Dragon,WD,https://steamusercontent-a.akamaihd.net/ugc/1990057787343993118/C66F122401961BB0D2BFAE0FA3E17D4D8B741B8B/,8957156,Silent killer,sK,https://steamusercontent-a.akamaihd.net/ugc/2431453582272336330/5CA27C9845C6CB2F21DF0776E0155ED13942CB44/,2024
11544,7731904970,16534,9137863,GGNTU GROZTEK,GG,https://steamusercontent-a.akamaihd.net/ugc/2288455678223692112/5A2C1E0F4285A6F04B0ACE8DEB6D5B2DD8640020/,-1,<UNKNOWN>,<UNKNOWN>,<UNKNOWN>,2024
18970,7890381098,16251,9434186,Trigons Team,TT,https://steamusercontent-a.akamaihd.net/ugc/2441591931353005684/E43B5D4D0C8077BE9C419F5AE15F0891EC102617/,-1,<UNKNOWN>,<UNKNOWN>,<UNKNOWN>,2024
24589,7996528788,15901,9482420,EYE Gaming,EYE,https://steamusercontent-a.akamaihd.net/ugc/2510277446148294540/20CB1AA41471ABE1B5C460D8CBDE915E595F8B23/,9223797,Prodigy of God,,https://steamusercontent-a.akamaihd.net/ugc/2388683427194639175/D8CB3937C90008630491BBAFE364224C191A4573/,2024
17831,7867917840,16945,9466547,Chain Lighting,CL,https://steamusercontent-a.akamaihd.net/ugc/2518159379416784501/365CCC76C9665F6FC90D534840565E5803FCBCAE/,9466551,PixelPanda,PP,https://steamusercontent-a.akamaihd.net/ugc/2505772116874082257/89B4B4D168EF191971FDE75960356F407FC6EF98/,2024
19758,7905748191,16312,9332046,Dominatrix,DMX,https://steamusercontent-a.akamaihd.net/ugc/2443836672845546041/27EA9658B4E3579D43DBA49A38530A3D26F2AB84/,9332059,Ninja Bros,N,https://steamusercontent-a.akamaihd.net/ugc/2490006266229881150/FC90CF44B6F55976119A8FD30C519F435E6D2270/,2024
12302,7748100717,15901,8831040,Ghost Sheep,GS,https://steamusercontent-a.akamaihd.net/ugc/1812159972016009901/2463CD2FDC05838CACEB66AAE27F597798C40B34/,9360721,KIBA ARMS,KIBA,https://steamusercontent-a.akamaihd.net/ugc/2425822274344383759/70DB7394C4E7BF7693655F2DFE8493B41267A796/,2024
10950,7717352079,16059,8629317,Bright Crusaders,Bc,https://steamusercontent-a.akamaihd.net/ugc/2274947340409011428/1DB70894416C865659F1417EC6330B6DE78470F9/,8629005,Flawless Goblins,Fg,https://steamusercontent-a.akamaihd.net/ugc/1972044023037974203/AFD57B5B64B1E42F199DC861D81052FD991943EC/,2024
25748,8020506897,17233,2443375,Foxy gaming,Foxy,https://steamusercontent-a.akamaihd.net/ugc/2289585333366985191/AC5A2097BEF04FD6D958B34C8A02A75C445ED58A/,8629317,Bright Crusaders,Bc,https://steamusercontent-a.akamaihd.net/ugc/2274947340409011428/1DB70894416C865659F1417EC6330B6DE78470F9/,2024
21004,7929780888,16635,8849837,FALL VICTIMS,FV,https://steamusercontent-a.akamaihd.net/ugc/1839182035511443777/DF26E33597EAEB9EBB3F085DA1CA7667E5E11BCB/,8849850,HELLBEAR HEROES,HH,https://steamusercontent-a.akamaihd.net/ugc/2504646219095011633/000ACC2A4ADD9D3EBA21A1A4556FCC192415B318/,2024
26823,8038577684,17299,9187903,Rogue Squad,RS,https://steamusercontent-a.akamaihd.net/ugc/2058763770156236845/DAD133992032D3EA1224C5907B882E283BF42014/,9025359,The Covenant,TC,https://steamusercontent-a.akamaihd.net/ugc/2187121345783071266/E1E6B530D0C644B81A08CE51ED03A9BB5698D1C0/,2024
27715,8054627655,16313,9018528,Crew X,CrX,https://steamusercontent-a.akamaihd.net/ugc/2068882429938837131/68A44FC4EE83B8F88C4BEAF8E71F22E55A21409B/,9332069,Mister Maniacs,MM,https://steamusercontent-a.akamaihd.net/ugc/2508011791700199350/FC1DC14A21F3B99692E7057A7246290AEBB7DE51/,2024
18040,7871581785,16905,9255039,1win,1win,https://steamusercontent-a.akamaihd.net/ugc/2518156842406130915/763C70A18C2DC8287E123AFF0F927295FCA3900E/,7732977,BOOM Esports,BOOM,https://steamusercontent-a.akamaihd.net/ugc/2515893091079031980/52C6F6228C73CDB6855C04B64FF21D061D2C15A9/,2024
28443,8073253981,17367,-1,<UNKNOWN>,<UNKNOWN>,<UNKNOWN>,9381678,Apex Genesis,Apex,https://steamusercontent-a.akamaihd.net/ugc/2441586999439290451/0F48C94C7A1F1E5FCB4A339E23F52CBEE97D8024/,2024
20006,7909789777,17030,9504796,Team India,IND,https://steamusercontent-a.akamaihd.net/ugc/2495642650333484771/1FAE41B5BAFFA26DA5EC7B0D01EB2E10DAF49B12/,9504800,Team Sri Lanka,SL,https://steamusercontent-a.akamaihd.net/ugc/2495642650333487914/64B2A52AE327E8ED4380F328D7352B228194725C/,2024
19869,7907753940,16635,8936613,Wild Dragon,WD,https://steamusercontent-a.akamaihd.net/ugc/1990057787343993118/C66F122401961BB0D2BFAE0FA3E17D4D8B741B8B/,8849833,VERTEX PACK,vP,https://steamusercontent-a.akamaihd.net/ugc/2047503411652997007/08F27DE9B0F0C1AB4C669A5785486AAA77E8917C/,2024
21666,7943476077,15901,9467025,Dominion,Dominion,https://steamusercontent-a.akamaihd.net/ugc/2549682039794914775/257CB3B69D75A5BE2033B35AB3DC1EAABFE0B207/,9476714,Eye Gaming,Eye Gaming,https://steamusercontent-a.akamaihd.net/ugc/2506898018926100512/45E0734610736BEC6A48549F46CB64F13E8C734F/,2024
26483,8034614097,17163,8957156,Silent killer,sK,https://steamusercontent-a.akamaihd.net/ugc/2431453582272336330/5CA27C9845C6CB2F21DF0776E0155ED13942CB44/,9025669,CrimsonSky,CS,https://steamusercontent-a.akamaihd.net/ugc/2075635690086590897/AE8997D69BAE95D9DEE56EAF662269E793887E3F/,2024
11322,7726874850,15901,9360721,KIBA ARMS,KIBA,https://steamusercontent-a.akamaihd.net/ugc/2425822274344383759/70DB7394C4E7BF7693655F2DFE8493B41267A796/,9381131,Uzumaki,uzu,https://steamusercontent-a.akamaihd.net/ugc/2466356199630889718/46DF71E78D3B769867F51200FB60F6C692EFFF28/,2024
26424,8034025861,17299,-1,<UNKNOWN>,<UNKNOWN>,<UNKNOWN>,8713814,Aurum,ARM,https://steamusercontent-a.akamaihd.net/ugc/2484388723422817520/17A43D08372ADCAB9E36F1D5719423F5ED876719/,2024
